gender,race/ethnicity,parental level of education,lunch,test preparation course,math score,reading score,writing score,average_score,average_score_binned
0,1,1,1,1,0.38070496338352583,0.17830791658348977,0.3817550224397755,0.31358930080226366,medium
0,2,4,1,0,0.17599014643054334,1.4475535163498359,1.3333702854768483,0.9856379827524092,high
0,1,3,1,1,1.6089938651014208,1.8001217385071542,1.6732328794186602,1.6941161610090785,high
1,0,0,0,1,-1.3252518445579948,-0.8793967498884653,-1.657420541211095,-1.2873563785525184,low
1,2,4,1,1,0.6536580526541692,0.6013897831722718,0.44972754122813785,0.5682584590181929,high
0,1,0,1,1,0.312466691065865,0.9539580053295902,0.6536450975932249,0.6400232646628934,high
0,1,4,1,0,1.472517320466099,1.8001217385071542,1.6052603606302978,1.6259664732011838,high
1,1,4,0,1,-1.8029197507816208,-1.8665877719289568,-1.9972831351529068,-1.8889302192878281,low
1,3,2,0,0,-0.16520121515776082,-0.3858012388682196,-0.09405260907876098,-0.21501835436824712,medium
0,1,2,0,1,-1.9393962954169424,-0.6678558165940742,-1.249585428480921,-1.2856125134973124,low
1,2,0,1,1,-0.5746308490637257,-1.0909376831828563,-1.1136403909041963,-0.9264029743835929,low
1,3,0,1,1,-1.8029197507816208,-1.2319649720457837,-1.7253930599994574,-1.5867592609422871,low
0,1,2,1,1,-0.09696294284009999,0.8129307164666628,0.31378250365141314,0.343250092425992,medium
1,0,4,1,0,0.7901345972894909,0.17830791658348977,0.10986494728632608,0.35943582038643557,medium
0,0,3,1,1,-1.1205370276050124,-1.16145132761432,-0.7058052781740222,-0.9959312111311182,low
0,2,5,1,1,0.17599014643054334,0.38984884987788077,0.6536450975932249,0.4064946979672163,medium
1,2,2,1,1,1.472517320466099,1.377039871918372,1.1974252479001237,1.3489941467615314,high
1,2,3,0,0,-1.3934901168756557,-1.9371014163604203,-1.5214755036343703,-1.6173556789568153,low
0,2,0,0,1,-0.8475839383343691,-0.8088831054570016,-0.501887721808935,-0.7194515885334353,low
1,3,2,1,1,-0.028724670522439148,-0.03323301671090125,-0.3659426842322104,-0.14263345715518358,medium
0,1,4,0,0,-0.09696294284009999,0.38984884987788077,0.10986494728632608,0.13425028477470227,medium
1,3,4,1,1,-1.5299666615109775,-1.0909376831828563,-1.045667872115834,-1.2221907389365558,low
0,2,5,1,1,0.17599014643054334,0.24882156101495342,0.31378250365141314,0.24619807036563665,medium
1,3,1,0,0,0.5171815080188475,0.1077942721520261,0.7895901351699496,0.4715219717802744,medium
1,0,3,0,1,0.44894323570118666,0.3193352054464171,0.24580998486305078,0.3380294753368849,medium
1,1,4,1,1,0.17599014643054334,-1.0909376831828563,-0.9097228345391092,-0.6082234570971408,low
0,2,1,1,1,0.03951360179522168,-0.03323301671090125,0.44972754122813785,0.15200270877081942,medium
1,2,2,1,1,0.24422841874820417,0.03728062772056242,-0.22999764665548567,0.017170466604426966,medium
0,3,3,1,1,-0.3016777597930825,0.03728062772056242,0.44972754122813785,0.06177680305187259,medium
0,3,4,1,1,0.17599014643054334,0.3193352054464171,0.3817550224397755,0.2923601247722453,medium
0,1,4,1,1,-0.23343948747542165,-0.3152875944367559,-0.501887721808935,-0.3502049345737042,medium
0,4,3,0,1,-0.7111073936990474,0.17830791658348977,-0.22999764665548567,-0.25426570792368114,medium
1,3,4,1,1,-1.8029197507816208,-1.9371014163604203,-2.065255653941269,-1.935092273694437,low
1,4,4,1,1,2.086661771325047,1.2360125830554447,0.9255351727466743,1.416069842375722,high
1,4,0,1,0,0.9948494142424733,0.8129307164666628,0.7216176163815873,0.8431325823635745,high
0,3,0,1,1,0.5171815080188475,0.8129307164666628,0.9935076915350366,0.774539972006849,high
0,3,5,0,1,-1.1205370276050124,-0.3858012388682196,-0.6378327593856598,-0.7147236752862972,low
0,3,0,0,0,0.5854197803365083,1.4475535163498359,1.3333702854768483,1.1221145273877309,high
1,1,0,0,1,-0.6428691213813866,-0.949910394319929,-0.7737777969623845,-0.7888524375545667,low
1,2,0,0,1,-0.7793456660167083,-0.5973421721626107,-0.9776953533274715,-0.7847943971689301,low
0,2,0,1,1,-0.5746308490637257,0.24882156101495342,-0.026080090290398622,-0.11729645944639029,medium
0,1,0,1,1,-0.91582221065203,-0.8088831054570016,-0.22999764665548567,-0.6515676542548391,low
1,1,4,0,0,-0.506392576746065,-0.3152875944367559,-0.16202512786712334,-0.3279017663499814,medium
0,4,0,0,1,-1.1205370276050124,-0.949910394319929,-0.9776953533274715,-1.0160475917508043,low
1,1,0,1,1,-0.09696294284009999,-1.0909376831828563,-0.7737777969623845,-0.6538928076617803,low
0,0,0,1,0,-0.7793456660167083,-0.3152875944367559,-0.43391520302057274,-0.5095161544913456,low
0,2,2,1,1,-0.028724670522439148,0.1077942721520261,0.5177000600165002,0.1989232205486957,medium
0,3,0,0,0,-0.6428691213813866,0.3193352054464171,0.5177000600165002,0.06472204802717686,medium
1,2,2,1,0,1.0630876865601342,1.0244716497610538,0.9255351727466743,1.004364836355954,high
1,4,4,1,1,-0.91582221065203,-1.0204240387513925,-1.3855304660576457,-1.1072589051536894,low
1,4,0,0,0,0.72189632497183,-0.03323301671090125,-0.026080090290398622,0.22086107265684338,medium
1,2,4,1,1,-0.91582221065203,-1.796074127497493,-1.7933655787878198,-1.5017539723124476,low
1,3,2,1,1,1.472517320466099,0.6013897831722718,0.44972754122813785,0.8412115482888364,high
0,2,5,0,0,0.312466691065865,1.0244716497610538,1.2653977666884861,0.8674453691718016,high
0,2,2,0,1,-2.280587657005247,-2.007615060791884,-1.7253930599994574,-2.004531925932196,low
0,4,0,1,0,1.0630876865601342,1.0949852941925176,1.1974252479001237,1.1184994095509253,high
1,3,0,1,1,-0.9840604829696907,-1.0204240387513925,-1.3175579472692833,-1.1073474896634556,low
1,3,4,1,0,-0.5746308490637257,-0.7383694610255379,-0.7058052781740222,-0.672935196087762,low
1,4,1,0,0,0.8583728696071516,0.3193352054464171,0.24580998486305078,0.4745060199722065,medium
1,0,5,0,1,-1.8711580230992815,-2.1486423496548115,-2.3371457290947184,-2.1189820339496035,low
1,0,0,0,1,-0.3016777597930825,-0.5973421721626107,-0.9097228345391092,-0.6029142554982675,low
0,2,0,1,1,0.17599014643054334,0.7424170720351991,0.17783746607468842,0.36541489484681033,medium
0,3,5,1,1,-0.506392576746065,-0.8088831054570016,-0.6378327593856598,-0.6510361471962421,low
1,1,5,1,1,0.03951360179522168,-0.3858012388682196,-0.501887721808935,-0.282725119627311,medium
1,3,5,0,1,-1.4617283891933166,-2.2896696385177386,-2.1332281727296314,-1.9615420668135624,low
0,2,4,1,1,-0.43815430442840414,0.17830791658348977,0.3817550224397755,0.04063621153162037,medium
1,1,0,0,1,-0.3699160321107433,-0.8088831054570016,-0.8417503157507469,-0.6735164844394973,low
0,2,0,1,1,-1.8711580230992815,-0.3858012388682196,-0.7737777969623845,-1.0102456863099618,low
0,3,4,0,0,-0.5746308490637257,-0.4563148832996833,0.31378250365141314,-0.2390544095706653,medium
1,3,4,1,0,-0.23343948747542165,-1.0204240387513925,-0.3659426842322104,-0.5399354034863415,low
0,0,0,0,1,-1.73468147846396,-1.3024786164772473,-1.3855304660576457,-1.4742301869996177,low
1,2,5,0,1,-0.3699160321107433,-0.8793967498884653,-0.8417503157507469,-0.6970210325833186,low
1,2,5,1,1,-1.1887752999226733,-1.4435059053401746,-1.8613380975761822,-1.4978731009463433,low
1,1,0,0,1,-1.5299666615109775,-2.007615060791884,-2.065255653941269,-1.8676124587480434,low
1,0,1,1,0,0.9266111419248125,0.6013897831722718,0.8575626539583119,0.795187859685132,high
0,3,5,1,0,-0.3699160321107433,0.3193352054464171,0.24580998486305078,0.06507638606624151,medium
0,4,3,1,1,-0.3016777597930825,-0.10374666114236492,-0.026080090290398622,-0.143834837075282,medium
0,1,0,1,1,-1.3252518445579948,-1.4435059053401746,-1.249585428480921,-1.3394477261263633,low
1,1,2,0,1,-1.1887752999226733,-1.7255604830660294,-1.5894480224227328,-1.5012612684704785,low
1,0,4,0,0,-1.1205370276050124,-1.584533194203102,-0.9776953533274715,-1.2275885250451952,low
1,4,0,1,1,0.38070496338352583,-0.3858012388682196,-0.3659426842322104,-0.12367965323896805,medium
1,3,2,0,1,-1.666443206146299,-2.1486423496548115,-2.3371457290947184,-2.050743761631943,low
0,2,4,1,1,0.44894323570118666,0.7424170720351991,0.9255351727466743,0.7056318268276867,high
0,2,4,0,1,0.6536580526541692,0.9539580053295902,1.3333702854768483,0.9803287811535358,high
0,3,0,1,1,0.312466691065865,0.1077942721520261,0.3817550224397755,0.26733866188588884,medium
0,0,4,1,1,-0.5746308490637257,0.03728062772056242,-0.09405260907876098,-0.21046761014064144,medium
0,3,5,1,1,0.44894323570118666,1.1654989386239811,0.9255351727466743,0.8466591156906139,high
0,2,1,1,1,-0.09696294284009999,0.17830791658348977,0.3817550224397755,0.15436666539438842,medium
1,2,2,0,1,-2.6900172909112117,-2.5012105718121296,-2.201200691517994,-2.4641428514137784,low
1,2,2,1,1,0.312466691065865,0.6719034276037354,0.17783746607468842,0.38740252824809635,medium
1,2,0,0,0,-1.5982049338286382,-1.7255604830660294,-1.249585428480921,-1.5244502817918628,low
0,1,4,1,1,0.8583728696071516,1.1654989386239811,1.6052603606302978,1.2097107229538102,high
1,2,0,0,0,0.7901345972894909,0.8129307164666628,0.9255351727466743,0.8428668288342761,high
1,1,5,1,0,-0.09696294284009999,-0.24477395000529226,-0.43391520302057274,-0.2585506986219883,medium
0,4,4,1,0,-0.23343948747542165,0.17830791658348977,0.10986494728632608,0.0182444587981314,medium
0,3,4,0,1,-0.5746308490637257,-0.1742603055738286,-0.43391520302057274,-0.3942687858860423,medium
0,3,1,1,1,-0.09696294284009999,-0.1742603055738286,-0.43391520302057274,-0.23504615047816713,medium
1,1,4,1,1,0.8583728696071516,-0.1742603055738286,-0.09405260907876098,0.19668665165152066,medium
1,3,1,1,0,0.1077518741128825,0.3193352054464171,0.3817550224397755,0.2696140339996917,medium
0,3,0,1,1,1.2678025035131166,1.5180671607812994,1.4013428042652107,1.3957374895198755,high
1,1,2,1,0,-0.43815430442840414,-1.796074127497493,-1.453502984846008,-1.2292438055906352,low
1,2,4,1,0,2.1549000436427073,1.1654989386239811,1.4693153230535732,1.596571435106754,high
0,2,4,1,1,-0.5746308490637257,-0.1742603055738286,0.24580998486305078,-0.1676937232581678,medium
0,3,3,1,1,1.4042790481484384,2.1526899606644725,2.1490405109371964,1.902003173250036,high
1,4,0,1,0,-0.028724670522439148,-0.4563148832996833,-0.297970165443848,-0.26100323975532347,medium
0,1,0,0,1,-0.9840604829696907,0.46036249430934445,0.10986494728632608,-0.13794434712467343,medium
0,1,5,1,1,0.24422841874820417,-0.3858012388682196,0.24580998486305078,0.03474572158101178,medium
0,3,0,0,0,0.72189632497183,1.377039871918372,2.013095473360472,1.3706772234168916,high
1,2,2,1,1,-0.3016777597930825,-1.0204240387513925,-1.3175579472692833,-0.8798865819379195,low
1,0,0,1,1,-0.8475839383343691,-1.16145132761432,-1.453502984846008,-1.1541794169315656,low
0,3,4,1,1,-1.0522987552873515,-0.8088831054570016,-0.9776953533274715,-0.9462924046906082,low
0,4,1,1,0,2.223138315960368,2.1526899606644725,2.1490405109371964,2.174956262520679,high
1,2,2,1,1,1.1995642311954557,0.5308761387408081,0.3817550224397755,0.7040651307920132,high
0,1,1,0,1,0.5854197803365083,1.0949852941925176,0.9255351727466743,0.8686467490919001,high
0,3,1,1,1,0.7901345972894909,0.8834443608981265,0.7216176163815873,0.7983988581897349,high
0,3,5,1,1,-1.0522987552873515,-0.4563148832996833,-0.501887721808935,-0.6701671201319899,low
0,2,4,1,1,-0.7793456660167083,-0.03323301671090125,-0.22999764665548567,-0.3475254431276984,medium
0,2,1,1,0,0.8583728696071516,1.5885808052127632,1.4013428042652107,1.2827654930283752,high
1,1,0,1,0,1.6772321374190817,1.377039871918372,1.6052603606302978,1.553177456655917,high
0,2,4,1,0,1.472517320466099,1.6590944496442268,1.6732328794186602,1.6016148831763288,high
1,3,2,0,1,-0.23343948747542165,-0.8793967498884653,-0.8417503157507469,-0.6515288510382112,low
1,4,4,1,1,1.131325958877795,0.7424170720351991,0.31378250365141314,0.7291751781881358,high
0,1,2,1,1,1.4042790481484384,1.8001217385071542,1.1974252479001237,1.4672753448519054,high
1,1,5,1,1,0.38070496338352583,-0.10374666114236492,-0.09405260907876098,0.060968564387466645,medium
1,3,4,1,0,-0.09696294284009999,0.5308761387408081,0.3817550224397755,0.2718894061134945,medium
1,3,3,1,1,1.0630876865601342,0.8834443608981265,0.3817550224397755,0.7760956899660121,high
0,0,1,1,1,-1.0522987552873515,-1.4435059053401746,-1.1816129096925585,-1.2258058567733616,low
1,3,3,1,1,1.54075559278376,1.0244716497610538,0.9255351727466743,1.1635874717638293,high
1,2,5,0,0,-0.91582221065203,-2.2896696385177386,-1.9293106163645444,-1.711600821844771,low
1,4,4,0,0,1.4042790481484384,0.3193352054464171,0.10986494728632608,0.6111597336270606,high
0,2,4,1,0,0.5854197803365083,0.8129307164666628,1.061480210323399,0.81994356904219,high
1,3,1,0,0,0.5171815080188475,0.6719034276037354,0.44972754122813785,0.546270825616907,high
1,2,1,1,1,-0.5746308490637257,-1.0204240387513925,-1.3855304660576457,-0.9935284512909214,low
1,1,5,1,0,-1.0522987552873515,-1.0909376831828563,-1.8613380975761822,-1.3348581786821299,low
1,4,2,1,1,0.24422841874820417,-1.0204240387513925,-0.8417503157507469,-0.5393153119179784,low
0,2,0,1,1,-0.506392576746065,-0.24477395000529226,-0.09405260907876098,-0.2817397119433727,medium
1,3,4,1,0,0.312466691065865,-0.5973421721626107,0.04189242849796373,-0.08099435086626064,medium
0,3,5,1,1,0.6536580526541692,0.17830791658348977,0.17783746607468842,0.33660114510411576,medium
0,2,4,0,1,-0.506392576746065,-0.526828527731147,-0.297970165443848,-0.44373042330702,medium
0,4,4,0,0,-1.666443206146299,-1.0204240387513925,-0.9776953533274715,-1.2215208660750545,low
1,0,2,1,1,-0.6428691213813866,-1.8665877719289568,-1.453502984846008,-1.320986626052117,low
1,3,4,1,1,1.472517320466099,0.24882156101495342,0.6536450975932249,0.7916613263580924,high
0,2,4,0,1,-3.0312086524995157,-2.1486423496548115,-2.405118247883081,-2.528323083345803,low
1,1,5,1,1,1.472517320466099,1.0244716497610538,0.44972754122813785,0.9822388371517636,high
1,2,0,0,1,0.44894323570118666,-0.10374666114236492,-0.16202512786712334,0.0610571488972328,medium
0,3,1,1,0,0.1077518741128825,0.38984884987788077,0.8575626539583119,0.4517211259830251,medium
1,4,0,0,0,2.291376588278029,2.1526899606644725,1.6732328794186602,2.0390998094537207,high
1,0,5,1,0,-0.3016777597930825,-0.1742603055738286,0.04189242849796373,-0.1446818789563158,medium
1,0,1,1,1,0.72189632497183,-0.1742603055738286,-0.026080090290398622,0.17385197636920094,medium
0,1,0,1,0,-0.506392576746065,0.03728062772056242,-0.16202512786712334,-0.2103790256308753,medium
1,3,1,1,1,-0.8475839383343691,-1.4435059053401746,-1.453502984846008,-1.2481976095068505,low
1,3,5,1,1,-0.3016777597930825,-0.1742603055738286,-0.501887721808935,-0.32594192905861535,medium
0,2,4,1,0,0.24422841874820417,1.377039871918372,1.3333702854768483,0.9848795253811415,high
0,4,2,0,0,-0.028724670522439148,0.3193352054464171,0.6536450975932249,0.31475187750573425,medium
1,1,4,0,1,-0.43815430442840414,-0.6678558165940742,-0.5698602405972975,-0.5586234538732586,low
0,1,0,1,0,-0.3699160321107433,1.1654989386239811,1.2653977666884861,0.686993557733908,high
1,3,0,0,1,-0.028724670522439148,-0.526828527731147,-0.297970165443848,-0.2845077878991447,medium
1,1,0,0,0,1.0630876865601342,0.6013897831722718,0.3817550224397755,0.6820774973907272,high
0,4,4,0,0,0.5854197803365083,1.3065262274869085,1.1294527291117613,1.007132912311726,high
1,1,3,0,1,-1.1887752999226733,-1.16145132761432,-1.1136403909041963,-1.1546223394803965,low
1,2,2,1,1,-0.9840604829696907,-1.16145132761432,-1.3175579472692833,-1.154356585951098,low
0,4,3,1,1,0.9948494142424733,1.5885808052127632,1.5372878418419353,1.3735726870990572,high
0,2,1,1,0,2.018423499007386,2.1526899606644725,2.1490405109371964,2.106717990203018,high
1,2,2,0,0,-0.91582221065203,-1.3024786164772473,-1.1816129096925585,-1.133304578940612,low
0,1,3,0,0,-0.5746308490637257,0.46036249430934445,0.6536450975932249,0.17979224761294788,medium
0,1,2,1,0,0.1077518741128825,0.9539580053295902,0.6536450975932249,0.5717849923452325,high
0,2,4,0,0,0.03951360179522168,0.38984884987788077,0.10986494728632608,0.1797424663198095,medium
1,0,2,1,0,0.38070496338352583,0.24882156101495342,0.3817550224397755,0.3370938489460849,medium
1,4,5,1,1,1.8819469543720642,1.3065262274869085,0.6536450975932249,1.2807060931507326,high
0,3,4,1,1,0.8583728696071516,1.1654989386239811,0.8575626539583119,0.9604781540631482,high
0,2,0,1,1,-0.23343948747542165,-0.1742603055738286,0.10986494728632608,-0.09927828192097472,medium
0,2,1,0,0,-1.5982049338286382,-1.3024786164772473,-0.9776953533274715,-1.2927929678777856,low
0,2,3,1,0,0.9948494142424733,1.5180671607812994,1.2653977666884861,1.2594381139040862,high
0,1,2,0,0,-1.3934901168756557,-1.0909376831828563,-0.7058052781740222,-1.0634110260775114,low
0,2,0,1,0,0.312466691065865,0.5308761387408081,0.5856725788048626,0.47633846953717857,medium
0,1,3,0,0,-0.9840604829696907,0.03728062772056242,-0.43391520302057274,-0.46023168608990034,medium
0,3,5,1,0,2.086661771325047,2.1526899606644725,2.1490405109371964,2.1294640809755716,high
1,2,3,0,0,-0.3016777597930825,-0.10374666114236492,0.44972754122813785,0.014767706764230152,medium
0,2,4,0,1,-1.3934901168756557,-0.3858012388682196,-0.16202512786712334,-0.6471054945369996,low
0,4,2,1,1,-1.1205370276050124,-1.372992260908711,-1.453502984846008,-1.3156774244532439,low
0,3,0,1,1,-0.09696294284009999,-0.03323301671090125,0.10986494728632608,-0.006777004088225055,medium
1,2,5,0,0,-1.4617283891933166,-1.2319649720457837,-1.3175579472692833,-1.3370837695027946,low
1,2,0,0,0,-0.09696294284009999,-0.1742603055738286,-0.22999764665548567,-0.16707363168980474,medium
1,4,2,1,1,0.9266111419248125,0.46036249430934445,-0.22999764665548567,0.38565866319289044,medium
1,3,5,1,0,-0.3016777597930825,-0.24477395000529226,-0.026080090290398622,-0.19084393336292446,medium
1,1,5,0,1,-1.2570135722403342,-1.2319649720457837,-1.5894480224227328,-1.3594755222362835,low
0,2,1,1,1,0.72189632497183,1.3065262274869085,1.2653977666884861,1.0979401063824081,high
0,4,0,1,1,-0.028724670522439148,-0.3152875944367559,0.04189242849796373,-0.10070661215374378,medium
1,3,4,1,0,0.6536580526541692,0.9539580053295902,0.7216176163815873,0.7764112247884488,high
0,1,5,1,1,-0.3016777597930825,-0.3858012388682196,-0.16202512786712334,-0.28316804217614183,medium
1,3,4,1,0,0.72189632497183,-0.526828527731147,-0.43391520302057274,-0.07961580192662991,medium
0,2,3,1,0,0.17599014643054334,1.0244716497610538,1.1294527291117613,0.7766381751011195,high
1,3,0,1,1,-0.3699160321107433,-1.0204240387513925,-1.1136403909041963,-0.8346601539221107,low
1,2,5,0,0,-0.506392576746065,-0.03323301671090125,-0.22999764665548567,-0.25654108003748394,medium
1,4,2,0,1,-0.7793456660167083,-0.949910394319929,-1.1816129096925585,-0.9702896566763987,low
0,1,4,0,1,-1.4617283891933166,-1.16145132761432,-0.9097228345391092,-1.1776341837822486,low
0,1,1,0,1,0.7901345972894909,0.6719034276037354,0.5177000600165002,0.6599126949699089,high
0,2,0,1,0,0.03951360179522168,1.0244716497610538,1.1974252479001237,0.7538034998187998,high
0,3,4,0,1,-0.09696294284009999,0.8129307164666628,0.5856725788048626,0.4338801174771418,medium
1,2,0,1,1,0.17599014643054334,0.5308761387408081,0.04189242849796373,0.24958623788977172,medium
0,1,0,1,1,-0.6428691213813866,-0.03323301671090125,-0.026080090290398622,-0.23406074279422884,medium
1,2,4,1,1,-0.506392576746065,-2.007615060791884,-1.7933655787878198,-1.4357910721085896,low
1,3,5,1,0,0.5171815080188475,0.1077942721520261,0.6536450975932249,0.4262069592546995,medium
1,4,1,1,1,1.0630876865601342,-0.526828527731147,-0.43391520302057274,0.03411465193613816,medium
1,4,2,1,0,0.9948494142424733,0.7424170720351991,0.5177000600165002,0.7516555154313909,high
0,1,4,0,1,0.5171815080188475,0.8129307164666628,0.5177000600165002,0.6159374281673369,high
0,1,4,0,1,-0.5746308490637257,-0.5973421721626107,-0.16202512786712334,-0.4446660496978199,medium
1,3,5,0,0,0.9266111419248125,0.6719034276037354,0.7216176163815873,0.7733773953033785,high
1,2,4,0,1,-2.144111112369925,-2.924292438400912,-2.812953360613255,-2.627118970461364,low
0,2,2,0,1,-1.666443206146299,-0.526828527731147,-0.5698602405972975,-0.9210439914915812,low
1,2,0,0,0,-0.43815430442840414,-1.3024786164772473,-0.8417503157507469,-0.8607944122187995,low
1,4,2,1,0,1.4042790481484384,1.5180671607812994,0.8575626539583119,1.2599696209626832,high
1,1,5,1,0,1.1995642311954557,0.9539580053295902,0.44972754122813785,0.8677499259177278,high
0,4,0,0,0,1.131325958877795,1.1654989386239811,1.3333702854768483,1.2100650609928747,high
0,2,2,0,1,-2.212349384687586,-1.9371014163604203,-1.9972831351529068,-2.0489113120669713,low
1,1,2,0,1,-0.028724670522439148,0.5308761387408081,0.10986494728632608,0.20400547183489837,medium
1,1,5,1,0,-0.3699160321107433,-0.949910394319929,-0.8417503157507469,-0.7205255807271397,low
0,3,2,1,0,-0.7111073936990474,-0.10374666114236492,0.3817550224397755,-0.14436634413387892,medium
1,1,0,1,1,1.4042790481484384,1.0949852941925176,0.31378250365141314,0.9376822819974563,high
0,2,5,0,1,-0.7793456660167083,-0.3152875944367559,-0.43391520302057274,-0.5095161544913456,low
1,3,5,1,1,1.3360407758307775,0.7424170720351991,0.44972754122813785,0.8427284630313716,high
0,1,0,1,0,-0.9840604829696907,-0.24477395000529226,0.31378250365141314,-0.3050173097745233,medium
0,4,3,0,1,-1.4617283891933166,-0.949910394319929,-0.9776953533274715,-1.1297780456135722,low
0,2,4,1,1,0.38070496338352583,0.17830791658348977,0.17783746607468842,0.24561678201390133,medium
1,3,2,1,1,-0.6428691213813866,-1.372992260908711,-0.9776953533274715,-0.9978522452058564,low
1,0,5,0,1,0.1077518741128825,0.17830791658348977,-0.297970165443848,-0.00397012491582525,medium
0,2,4,1,0,1.472517320466099,1.8001217385071542,1.7412053982070226,1.6712814857267586,high
1,3,4,1,1,0.6536580526541692,-0.3858012388682196,-0.16202512786712334,0.035277228639608756,medium
1,2,0,1,1,-1.3934901168756557,-1.8665877719289568,-1.7933655787878198,-1.684481155864144,low
0,1,1,1,1,0.03951360179522168,1.1654989386239811,0.9935076915350366,0.7328400773180799,high
1,4,5,1,1,1.7454704097367424,1.2360125830554447,0.6536450975932249,1.211709363461804,high
1,2,1,1,0,1.131325958877795,0.8834443608981265,1.061480210323399,1.0254168433664403,high
1,3,0,1,1,0.9266111419248125,0.38984884987788077,0.5856725788048626,0.6340441902025186,high
1,3,1,0,1,-0.23343948747542165,-0.24477395000529226,-0.09405260907876098,-0.19075534885315829,medium
0,3,5,1,0,-0.16520121515776082,-0.6678558165940742,0.3817550224397755,-0.15043400310401986,medium
1,1,4,1,1,-0.8475839383343691,-1.2319649720457837,-1.1816129096925585,-1.087053940024237,low
1,2,0,1,1,1.1995642311954557,0.7424170720351991,0.7895901351699496,0.9105238128002014,high
1,3,2,0,0,0.44894323570118666,-0.10374666114236492,-0.16202512786712334,0.0610571488972328,medium
0,4,1,1,1,0.9266111419248125,0.9539580053295902,0.9935076915350366,0.9580256129298131,high
0,3,2,1,1,-0.7111073936990474,-1.2319649720457837,-0.9097228345391092,-0.9509317334279802,low
1,4,4,1,1,-0.506392576746065,-1.3024786164772473,-1.7253930599994574,-1.1780880844075898,low
1,3,5,1,1,0.5854197803365083,0.3193352054464171,0.04189242849796373,0.31554913809362967,medium
1,2,0,1,1,1.2678025035131166,0.46036249430934445,0.17783746607468842,0.6353341546323832,high
1,4,0,1,1,1.54075559278376,0.46036249430934445,0.3817550224397755,0.7942910365109599,high
0,1,2,1,0,-0.5746308490637257,0.03728062772056242,-0.026080090290398622,-0.187810103877854,medium
0,1,2,1,1,-0.09696294284009999,-0.3858012388682196,-0.43391520302057274,-0.30555979490963076,medium
1,2,2,1,1,0.1077518741128825,-0.6678558165940742,-1.045667872115834,-0.5352572715323419,low
1,0,5,1,0,-1.3252518445579948,-1.4435059053401746,-1.3175579472692833,-1.362105232389151,low
0,3,4,0,1,0.312466691065865,0.9539580053295902,0.9935076915350366,0.7533107959768306,high
0,1,5,1,0,-0.43815430442840414,0.03728062772056242,0.10986494728632608,-0.0970029098071719,medium
1,3,3,1,1,0.9266111419248125,0.7424170720351991,0.24580998486305078,0.6382793996076875,high
1,3,2,1,1,-0.8475839383343691,-1.2319649720457837,-1.1136403909041963,-1.0643964337614495,low
0,4,4,1,1,-0.3016777597930825,0.24882156101495342,0.10986494728632608,0.019002916169399007,medium
0,2,0,0,1,-0.16520121515776082,0.24882156101495342,-0.026080090290398622,0.01918008518893133,medium
1,2,0,1,0,0.7901345972894909,0.5308761387408081,0.5856725788048626,0.6355611049450539,high
0,1,4,1,1,0.24422841874820417,0.38984884987788077,0.6536450975932249,0.42924078873976995,medium
0,2,3,0,0,-0.09696294284009999,0.8129307164666628,0.8575626539583119,0.5245101425282915,high
0,2,5,0,0,-0.16520121515776082,0.6719034276037354,0.5856725788048626,0.36412493041694577,medium
1,2,4,1,0,0.8583728696071516,0.6719034276037354,0.6536450975932249,0.7279737982680373,high
0,2,5,0,1,-1.5299666615109775,-1.372992260908711,-1.1816129096925585,-1.3615239440374156,low
0,4,2,1,1,2.223138315960368,1.6590944496442268,1.4693153230535732,1.7838493628860561,high
1,3,2,1,1,0.6536580526541692,0.24882156101495342,-0.026080090290398622,0.2921331744595747,medium
1,3,5,0,1,-0.506392576746065,-1.9371014163604203,-1.8613380975761822,-1.434944030227556,low
0,2,1,1,1,-0.23343948747542165,0.38984884987788077,0.8575626539583119,0.337990672120257,medium
0,3,2,1,1,0.17599014643054334,0.17830791658348977,0.5856725788048626,0.31332354727296524,medium
0,3,0,1,0,1.472517320466099,1.5885808052127632,1.8091779169953848,1.6234253475580822,high
0,4,4,0,1,0.312466691065865,0.46036249430934445,0.10986494728632608,0.29423137755384515,medium
1,2,1,1,1,0.17599014643054334,-0.4563148832996833,-0.501887721808935,-0.260737486226025,medium
1,2,4,1,1,-0.5746308490637257,-1.4435059053401746,-1.7933655787878198,-1.2705007777305735,low
0,3,0,0,1,-1.3252518445579948,-1.16145132761432,-0.7058052781740222,-1.0641694834487792,low
0,3,4,1,1,-0.09696294284009999,0.03728062772056242,0.17783746607468842,0.03938505031838362,medium
1,1,4,1,0,1.472517320466099,1.0949852941925176,0.5177000600165002,1.0284008915583722,high
1,2,1,1,1,1.131325958877795,0.6013897831722718,0.31378250365141314,0.6821660819004934,high
0,2,5,1,0,1.2678025035131166,1.5885808052127632,1.6732328794186602,1.5098720627148465,high
0,4,2,1,0,-0.506392576746065,-0.4563148832996833,0.44972754122813785,-0.1709933062725368,medium
0,2,5,0,1,-0.09696294284009999,1.1654989386239811,0.7895901351699496,0.6193753769846103,high
1,1,1,0,1,0.44894323570118666,-0.949910394319929,-0.7737777969623845,-0.4249149851937089,medium
1,3,2,1,1,-0.91582221065203,-1.2319649720457837,-1.7933655787878198,-1.3137175871618778,low
1,3,2,1,1,-1.4617283891933166,-1.5140195497716382,-1.5214755036343703,-1.4990744808664418,low
0,3,1,0,1,0.44894323570118666,0.6719034276037354,1.061480210323399,0.7274422912094404,high
0,3,4,0,0,0.24422841874820417,0.6013897831722718,0.6536450975932249,0.4997544331712336,medium
0,1,5,1,1,-2.0076345677346032,-1.6550468386345656,-1.5214755036343703,-1.728052303334513,low
1,1,0,1,0,0.9948494142424733,0.8834443608981265,0.9255351727466743,0.9346096492957581,high
1,4,0,1,0,2.086661771325047,0.8834443608981265,1.3333702854768483,1.4344921392333407,high
0,1,5,1,1,0.03951360179522168,1.377039871918372,0.9255351727466743,0.7806962154867559,high
1,1,1,0,1,1.472517320466099,0.38984884987788077,0.5177000600165002,0.79335541012016,high
1,4,5,1,0,0.72189632497183,0.46036249430934445,0.5856725788048626,0.589310466028679,high
1,2,0,1,1,0.6536580526541692,0.03728062772056242,-0.026080090290398622,0.221619530028111,medium
1,3,5,1,1,1.3360407758307775,0.24882156101495342,0.10986494728632608,0.5649090947106856,high
1,2,5,1,0,-0.23343948747542165,-0.6678558165940742,-0.7737777969623845,-0.5583577003439602,low
0,4,1,1,1,-0.09696294284009999,0.24882156101495342,0.44972754122813785,0.2005287198009971,medium
1,3,2,0,0,0.7901345972894909,0.5308761387408081,0.7895901351699496,0.7035336237334162,high
1,1,0,0,1,0.03951360179522168,-0.526828527731147,-0.5698602405972975,-0.3523917221777409,medium
1,0,5,1,0,-1.3934901168756557,-2.007615060791884,-1.7253930599994574,-1.708832745888999,low
1,4,0,1,0,0.312466691065865,0.3193352054464171,-0.026080090290398622,0.2019072687406278,medium
1,2,2,0,0,-1.8029197507816208,-1.6550468386345656,-1.249585428480921,-1.5691840059657025,low
1,3,0,0,1,1.6089938651014208,1.2360125830554447,0.44972754122813785,1.0982446631283345,high
1,0,4,0,0,0.9948494142424733,0.6013897831722718,0.8575626539583119,0.8179339504576856,high
1,3,5,0,1,-0.7111073936990474,-1.0909376831828563,-1.1136403909041963,-0.9718951559287,low
0,2,0,1,0,0.03951360179522168,1.0244716497610538,0.8575626539583119,0.6405159685048625,high
1,1,0,1,1,0.9266111419248125,0.46036249430934445,-0.297970165443848,0.363001156930103,medium
0,2,0,1,0,0.5171815080188475,0.38984884987788077,0.9935076915350366,0.6335126831439216,high
1,0,4,1,1,0.17599014643054334,-0.1742603055738286,0.04189242849796373,0.014540756451559488,medium
1,4,4,1,0,2.223138315960368,1.2360125830554447,0.8575626539583119,1.4389045176580417,high
1,2,5,1,1,-1.0522987552873515,-1.2319649720457837,-1.657420541211095,-1.31389475618141,low
0,1,0,0,1,-0.91582221065203,0.1077942721520261,-0.09405260907876098,-0.3006935158595883,medium
0,3,2,0,1,-1.1887752999226733,-0.8793967498884653,-1.1136403909041963,-1.0606041469051115,low
0,1,0,1,1,0.44894323570118666,0.46036249430934445,0.7895901351699496,0.566298621726827,high
1,1,1,1,1,-0.028724670522439148,-0.6678558165940742,-0.7737777969623845,-0.49011942802629926,medium
1,3,1,1,0,0.03951360179522168,-0.5973421721626107,-0.026080090290398622,-0.19463622021926252,medium
0,2,0,0,0,0.1077518741128825,-0.1742603055738286,0.04189242849796373,-0.008205334320994122,medium
0,2,1,1,0,-0.506392576746065,-0.3858012388682196,0.44972754122813785,-0.14748875812871556,medium
1,2,2,1,1,0.312466691065865,-0.24477395000529226,-0.22999764665548567,-0.054101635198304306,medium
0,3,3,1,0,0.72189632497183,0.8834443608981265,1.5372878418419353,1.0475428425706306,high
1,2,0,1,1,1.131325958877795,0.17830791658348977,0.6536450975932249,0.6544263243515033,high
1,1,1,1,1,-0.23343948747542165,0.1077942721520261,0.04189242849796373,-0.027917595608477275,medium
0,3,0,0,1,-0.7111073936990474,-0.3152875944367559,-0.3659426842322104,-0.46411255745600455,medium
0,2,2,0,0,0.03951360179522168,0.6719034276037354,1.061480210323399,0.5909657465741187,high
0,4,2,1,1,0.5854197803365083,1.1654989386239811,0.7216176163815873,0.8241787784473589,high
0,2,4,1,1,0.312466691065865,0.8129307164666628,0.7895901351699496,0.6383291809008257,high
0,2,5,0,1,-1.5982049338286382,-1.16145132761432,-1.045667872115834,-1.2684413778529307,low
0,2,2,0,1,-1.73468147846396,-1.6550468386345656,-1.7253930599994574,-1.705040459032661,low
0,2,4,1,1,1.0630876865601342,1.4475535163498359,1.7412053982070226,1.417282200372331,high
1,2,4,1,1,-0.3699160321107433,-0.5973421721626107,-0.43391520302057274,-0.46705780243130884,medium
1,2,0,1,0,1.0630876865601342,0.38984884987788077,0.5856725788048626,0.6795363717476258,high
0,1,5,1,1,-1.73468147846396,-1.0204240387513925,-1.1816129096925585,-1.3122394756359703,low
1,2,2,1,1,0.312466691065865,-0.6678558165940742,-0.501887721808935,-0.2857589491123814,medium
1,2,0,1,1,-1.3252518445579948,-2.2896696385177386,-2.269173210306356,-1.96136489779403,low
1,4,0,1,0,-0.3016777597930825,-0.949910394319929,-1.045667872115834,-0.7657520087429485,low
1,1,0,1,1,1.6089938651014208,0.6013897831722718,0.8575626539583119,1.0226487674106683,high
0,2,1,1,1,1.131325958877795,1.6590944496442268,1.8091779169953848,1.5331994418391355,high
0,1,4,0,1,-0.3699160321107433,-0.10374666114236492,-0.16202512786712334,-0.21189594037341053,medium
1,3,5,1,0,0.6536580526541692,0.03728062772056242,0.04189242849796373,0.24427703629089845,medium
1,2,0,1,1,-1.1887752999226733,-1.3024786164772473,-1.7253930599994574,-1.4055489921331261,low
0,1,5,0,1,-2.894732107864194,-2.219155994086275,-2.812953360613255,-2.642280487521241,low
0,3,5,0,0,-2.144111112369925,-1.0204240387513925,-0.5698602405972975,-1.244798463906205,low
1,2,2,0,1,-0.5746308490637257,-0.5973421721626107,-1.1136403909041963,-0.7618711373768443,low
0,2,2,1,1,-0.3699160321107433,0.24882156101495342,-0.3659426842322104,-0.16234571844266676,medium
0,1,2,1,0,0.17599014643054334,0.46036249430934445,0.3817550224397755,0.33936922105988776,medium
1,3,0,1,0,0.03951360179522168,0.17830791658348977,-0.09405260907876098,0.04125630309998349,medium
1,3,4,1,1,0.8583728696071516,0.24882156101495342,-0.09405260907876098,0.33771394051444803,medium
0,2,2,1,1,0.38070496338352583,0.7424170720351991,0.44972754122813785,0.5242831922156209,high
1,1,4,1,1,-0.3016777597930825,-0.5973421721626107,-0.7737777969623845,-0.5575992429726925,low
0,2,1,1,0,0.72189632497183,1.7296080940756906,1.8091779169953848,1.4202274453476351,high
1,3,2,0,1,0.5854197803365083,0.3193352054464171,-0.16202512786712334,0.24757661930526734,medium
1,4,0,1,1,1.4042790481484384,0.3193352054464171,0.5177000600165002,0.7471047712037852,high
0,1,1,1,1,-0.9840604829696907,-0.3152875944367559,0.04189242849796373,-0.4191518829694943,medium
1,4,4,1,1,-0.028724670522439148,-0.8793967498884653,-1.1136403909041963,-0.6739206037717002,low
0,2,4,1,0,-0.23343948747542165,0.6013897831722718,0.7895901351699496,0.3858468102889332,medium
0,2,0,1,1,-1.3934901168756557,-0.8088831054570016,-0.7737777969623845,-0.9920503397650139,low
0,2,4,1,1,-0.506392576746065,0.1077942721520261,0.10986494728632608,-0.09624445243590428,medium
0,1,1,1,1,-0.3699160321107433,0.17830791658348977,0.10986494728632608,-0.02724772274697582,medium
1,0,0,1,1,-0.23343948747542165,-0.5973421721626107,-0.501887721808935,-0.44422312714898915,medium
0,2,4,0,0,-1.666443206146299,-0.24477395000529226,0.04189242849796373,-0.6231082425512092,low
1,3,4,0,1,-0.506392576746065,-0.526828527731147,-0.501887721808935,-0.5117029420953824,low
0,3,4,1,1,0.9266111419248125,1.4475535163498359,1.4013428042652107,1.2585024875132864,high
0,1,2,1,1,-0.5746308490637257,-0.526828527731147,-0.6378327593856598,-0.5797640453935108,low
1,1,5,1,0,1.2678025035131166,1.0244716497610538,0.6536450975932249,0.981973083622465,high
0,2,4,1,1,-0.9840604829696907,-0.8088831054570016,-0.7058052781740222,-0.8329162888669049,low
0,3,5,0,1,-2.6900172909112117,-2.5012105718121296,-2.4730907666714432,-2.5547728764649285,low
1,2,4,1,1,-0.506392576746065,-0.6678558165940742,-0.7058052781740222,-0.6266845571713872,low
1,0,1,0,0,-1.1887752999226733,-0.8088831054570016,-0.5698602405972975,-0.8558395486589907,low
1,2,2,1,0,0.17599014643054334,-0.8088831054570016,-1.045667872115834,-0.5595202770474307,low
1,2,1,0,1,-0.3699160321107433,-0.24477395000529226,-0.501887721808935,-0.37219256797499023,medium
0,0,5,0,1,-1.5299666615109775,-0.3858012388682196,-0.7058052781740222,-0.8738577261844065,low
0,3,5,1,1,0.44894323570118666,1.0244716497610538,1.1294527291117613,0.867622538191334,high
1,4,4,1,1,1.1995642311954557,0.5308761387408081,0.17783746607468842,0.6360926120036507,high
0,2,4,0,0,-1.4617283891933166,0.24882156101495342,0.10986494728632608,-0.36768062696401244,medium
1,3,5,1,1,0.5171815080188475,0.3193352054464171,0.24580998486305078,0.3607755661094385,medium
0,3,4,1,0,1.0630876865601342,1.9411490273700815,1.8771504357837472,1.6271290499046545,high
0,3,1,1,1,-0.506392576746065,0.03728062772056242,0.31378250365141314,-0.05177648179136315,medium
1,4,0,0,1,-1.3934901168756557,-1.8665877719289568,-1.8613380975761822,-1.7071386621269315,low
0,3,5,1,1,0.9266111419248125,1.4475535163498359,0.9255351727466743,1.0998999436737742,high
0,3,3,0,0,1.2678025035131166,1.8001217385071542,2.1490405109371964,1.7389882509858225,high
0,0,5,1,1,0.312466691065865,0.9539580053295902,0.5856725788048626,0.6173657584001059,high
1,0,1,1,1,-0.028724670522439148,-0.3858012388682196,-0.43391520302057274,-0.2828137041370771,medium
0,1,0,1,1,0.9266111419248125,1.1654989386239811,0.9935076915350366,1.0285392573612768,high
1,2,0,1,0,1.4042790481484384,2.1526899606644725,1.8091779169953848,1.7887156419360986,high
1,2,3,0,1,0.8583728696071516,0.8129307164666628,0.17783746607468842,0.6163803507161676,high
0,4,5,0,1,-1.9393962954169424,-1.4435059053401746,-1.5894480224227328,-1.6574500743932834,low
0,0,5,0,1,-1.9393962954169424,-1.8665877719289568,-1.7253930599994574,-1.8437923757817856,low
0,4,4,1,1,0.03951360179522168,0.46036249430934445,0.44972754122813785,0.31653454577756795,medium
0,4,1,1,1,-0.16520121515776082,0.24882156101495342,0.10986494728632608,0.06449509771450623,medium
0,2,0,0,1,-0.6428691213813866,0.6013897831722718,-0.09405260907876098,-0.045177315762625285,medium
0,3,2,1,1,-0.3016777597930825,-0.3858012388682196,-0.297970165443848,-0.32848305470171674,medium
1,3,3,1,1,0.44894323570118666,0.03728062772056242,0.44972754122813785,0.3119838015499623,medium
1,4,5,0,0,0.44894323570118666,-0.1742603055738286,-0.6378327593856598,-0.12104994308610056,medium
0,3,4,1,1,0.72189632497183,-0.10374666114236492,0.5856725788048626,0.4012740808781092,medium
1,4,4,1,1,0.6536580526541692,-0.1742603055738286,-0.09405260907876098,0.12844837933385989,medium
1,2,0,1,0,-0.6428691213813866,-1.0909376831828563,-0.8417503157507469,-0.8585190401049966,low
0,2,5,1,0,-0.09696294284009999,0.3193352054464171,0.5856725788048626,0.2693482804703932,medium
1,0,2,0,1,-1.2570135722403342,-1.7255604830660294,-1.8613380975761822,-1.6146373842941817,low
0,1,2,0,1,-1.1205370276050124,-0.1742603055738286,-0.3659426842322104,-0.5535800058036838,low
0,2,0,1,1,1.2678025035131166,1.377039871918372,1.8091779169953848,1.484673430808958,high
1,1,5,1,1,0.5171815080188475,-0.4563148832996833,-0.7737777969623845,-0.23763705741440674,medium
1,3,5,1,1,-0.43815430442840414,-0.7383694610255379,-0.9776953533274715,-0.7180730395938045,low
0,2,5,1,0,-0.506392576746065,-1.0909376831828563,-0.09405260907876098,-0.5637942896692275,low
1,0,4,1,1,-0.91582221065203,-1.8665877719289568,-1.7253930599994574,-1.5026010141934814,low
0,0,4,0,1,-1.1887752999226733,-0.3152875944367559,-0.9097228345391092,-0.8045952429661795,low
0,3,2,1,0,1.472517320466099,2.0821763162330087,2.1490405109371964,1.901244715878768,high
0,2,2,1,1,-0.8475839383343691,-0.7383694610255379,-0.43391520302057274,-0.6732895341268265,low
0,2,5,1,1,-0.23343948747542165,0.24882156101495342,-0.026080090290398622,-0.0035660055836222817,medium
1,1,0,1,0,-0.09696294284009999,-0.3152875944367559,-0.3659426842322104,-0.2593977405030221,medium
0,1,0,1,1,1.0630876865601342,0.7424170720351991,0.5856725788048626,0.7970591124667319,high
0,3,2,0,0,-0.9840604829696907,-0.8793967498884653,-0.8417503157507469,-0.9017358495363009,low
1,3,0,1,0,1.4042790481484384,1.0244716497610538,1.1294527291117613,1.1860678090070844,high
0,3,3,1,0,0.24422841874820417,0.1077942721520261,0.3817550224397755,0.24459257111333524,medium
1,4,4,1,0,1.1995642311954557,0.9539580053295902,0.6536450975932249,0.9357224447060902,high
1,3,0,1,1,0.312466691065865,-0.24477395000529226,-0.5698602405972975,-0.16738916651224156,medium
1,1,5,1,0,-0.23343948747542165,-0.1742603055738286,-0.09405260907876098,-0.16725080070933707,medium
0,2,1,0,0,-1.0522987552873515,0.17830791658348977,0.7216176163815873,-0.05079107410742482,medium
1,4,2,1,1,1.1995642311954557,0.24882156101495342,0.04189242849796373,0.49675940690279097,medium
1,2,1,1,0,0.312466691065865,0.3193352054464171,-0.026080090290398622,0.2019072687406278,medium
1,2,0,1,1,0.5171815080188475,0.24882156101495342,-0.09405260907876098,0.22398348665168,medium
1,3,4,1,1,0.1077518741128825,-0.7383694610255379,-0.43391520302057274,-0.354844263311076,medium
1,4,2,0,0,-0.6428691213813866,-0.949910394319929,-0.9776953533274715,-0.856824956342929,low
0,2,0,0,0,1.0630876865601342,1.6590944496442268,1.6732328794186602,1.465138338541007,high
0,3,2,1,0,-0.6428691213813866,-0.8088831054570016,-0.297970165443848,-0.5832407974274121,low
0,3,3,0,0,-1.3252518445579948,-0.8088831054570016,-0.09405260907876098,-0.7427291863645857,low
0,0,5,1,0,-0.506392576746065,1.0949852941925176,0.7895901351699496,0.4593942842054674,medium
1,1,4,0,1,-1.73468147846396,-2.1486423496548115,-2.3371457290947184,-2.0734898524044967,low
0,2,4,0,1,-0.3016777597930825,-0.1742603055738286,-0.43391520302057274,-0.30328442279582796,medium
1,2,1,1,1,1.3360407758307775,0.9539580053295902,1.1974252479001237,1.1624746763534972,high
1,2,5,0,1,0.17599014643054334,0.1077942721520261,-0.22999764665548567,0.017928923975694584,medium
1,0,5,0,1,-0.09696294284009999,-0.7383694610255379,-1.045667872115834,-0.6270000919938239,low
1,2,5,0,1,0.1077518741128825,-0.4563148832996833,-0.9776953533274715,-0.4420861208380908,medium
1,2,0,0,1,-0.16520121515776082,-0.24477395000529226,-0.6378327593856598,-0.3492693081829043,medium
0,2,2,1,1,-0.3699160321107433,0.17830791658348977,0.10986494728632608,-0.02724772274697582,medium
1,2,2,1,1,-0.3699160321107433,-0.949910394319929,-0.9097228345391092,-0.7431830869899271,low
0,0,5,0,1,-1.3252518445579948,-0.7383694610255379,-1.249585428480921,-1.1044022446881512,low
1,2,5,1,1,0.44894323570118666,-0.24477395000529226,-0.16202512786712334,0.014048052609590356,medium
1,2,4,0,0,-1.1205370276050124,-1.5140195497716382,-1.045667872115834,-1.2267414831641614,low
1,3,0,1,1,0.5854197803365083,-0.10374666114236492,-0.297970165443848,0.061234317916765126,medium
1,3,0,0,1,0.5854197803365083,-0.24477395000529226,0.31378250365141314,0.21814277799420975,medium
1,2,2,1,1,0.24422841874820417,-0.949910394319929,-1.1816129096925585,-0.6290982950880945,low
1,3,5,1,0,1.54075559278376,1.3065262274869085,0.9255351727466743,1.2576056643391142,high
0,2,4,1,0,0.03951360179522168,0.8129307164666628,0.7216176163815873,0.524687311547824,high
0,3,2,1,1,0.7901345972894909,0.8129307164666628,0.7895901351699496,0.7975518163087011,high
0,0,5,0,1,-0.506392576746065,0.24882156101495342,0.04189242849796373,-0.07189286241104927,medium
0,1,0,1,1,0.44894323570118666,0.9539580053295902,0.5177000600165002,0.6402004336824256,high
1,0,5,0,1,0.8583728696071516,0.8834443608981265,0.31378250365141314,0.6851999113855638,high
0,2,5,1,0,0.03951360179522168,0.3193352054464171,0.5856725788048626,0.3148404620155005,medium
1,3,4,0,1,0.17599014643054334,-0.24477395000529226,-0.5698602405972975,-0.2128813480573488,medium
1,2,2,1,0,1.3360407758307775,0.8129307164666628,0.7895901351699496,0.97952054248913,high
1,1,2,1,1,-1.3252518445579948,-1.6550468386345656,-1.7933655787878198,-1.591221420660127,low
1,1,0,1,1,0.9948494142424733,0.24882156101495342,0.24580998486305078,0.4964936533734925,medium
0,2,4,0,0,-0.16520121515776082,1.0949852941925176,1.1294527291117613,0.6864122693821727,high
0,4,4,1,1,2.291376588278029,1.5885808052127632,1.9451229545721096,1.9416934493543005,high
0,2,0,0,1,-0.09696294284009999,0.5308761387408081,0.3817550224397755,0.2718894061134945,medium
1,2,4,0,1,-0.09696294284009999,-0.8088831054570016,-1.3175579472692833,-0.741134665188795,low
0,2,0,0,1,-0.91582221065203,-0.5973421721626107,-0.43391520302057274,-0.6490265286117377,low
1,2,1,0,1,-2.0076345677346032,-0.949910394319929,-1.453502984846008,-1.4703493156335135,low
0,3,1,1,1,0.8583728696071516,1.377039871918372,1.4013428042652107,1.2122518485969114,high
1,3,0,0,1,-0.91582221065203,-1.0909376831828563,-1.3855304660576457,-1.1307634532975106,low
0,4,1,1,1,2.291376588278029,2.1526899606644725,2.1490405109371964,2.1977023532932325,high
1,1,2,1,0,0.38070496338352583,-0.3152875944367559,-0.026080090290398622,0.013112426218790432,medium
1,2,1,0,1,-0.91582221065203,-0.8088831054570016,-0.9097228345391092,-0.8781427168827136,low
1,1,4,0,1,-0.8475839383343691,-1.0909376831828563,-1.5894480224227328,-1.1759898813133194,low
0,4,4,1,1,0.312466691065865,0.03728062772056242,0.5177000600165002,0.2891491262676425,medium
0,2,4,0,1,0.72189632497183,1.4475535163498359,1.5372878418419353,1.2355792277212003,high
1,0,1,1,0,0.5854197803365083,-0.8088831054570016,-0.43391520302057274,-0.219126176047022,medium
0,2,4,1,1,1.1995642311954557,1.2360125830554447,1.5372878418419353,1.324288218697612,high
0,3,0,0,1,-2.7582555632288726,-2.7127515051065205,-2.065255653941269,-2.5120875740922206,low
1,0,2,0,0,0.38070496338352583,-0.1742603055738286,-0.22999764665548567,-0.007850996281929479,medium
0,0,2,0,0,0.72189632497183,1.3065262274869085,1.1294527291117613,1.0526250938568331,high
1,2,4,1,1,1.6772321374190817,0.3193352054464171,0.5177000600165002,0.8380891342939997,high
0,2,0,1,0,1.131325958877795,1.0949852941925176,1.4693153230535732,1.2318755253746285,high
0,2,2,1,1,-0.23343948747542165,-0.03323301671090125,0.3817550224397755,0.03836083941781754,medium
0,2,0,1,0,0.1077518741128825,1.1654989386239811,1.061480210323399,0.7782436743534209,high
0,3,5,1,1,-0.506392576746065,-0.1742603055738286,-0.501887721808935,-0.39418020137627624,medium
0,1,0,1,0,1.6089938651014208,1.4475535163498359,1.5372878418419353,1.5312784077643975,high
0,3,1,1,0,0.312466691065865,0.46036249430934445,0.9935076915350366,0.588778958970082,high
1,4,1,1,0,0.6536580526541692,-0.526828527731147,-0.16202512786712334,-0.011731867648033698,medium
1,3,0,1,1,0.9266111419248125,-0.10374666114236492,0.24580998486305078,0.35622482188183285,medium
0,3,3,1,1,-0.7793456660167083,-0.3858012388682196,0.10986494728632608,-0.3517606525328673,medium
1,4,0,1,1,0.6536580526541692,0.1077942721520261,-0.09405260907876098,0.22246657190914476,medium
1,1,2,1,0,0.44894323570118666,0.1077942721520261,-0.026080090290398622,0.17688580585427138,medium
0,3,0,0,1,-0.9840604829696907,-0.7383694610255379,-0.8417503157507469,-0.8547267532486584,low
1,2,4,0,1,0.1077518741128825,-0.10374666114236492,-0.501887721808935,-0.16596083627947247,medium
1,0,2,1,1,-0.506392576746065,-1.2319649720457837,-1.5214755036343703,-1.0866110174754062,low
0,1,0,1,1,-1.1887752999226733,-1.2319649720457837,-0.9776953533274715,-1.132811875098643,low
1,2,2,1,1,0.24422841874820417,0.3193352054464171,0.17783746607468842,0.24713369675643657,medium
1,3,4,0,1,-0.3699160321107433,-1.584533194203102,-0.8417503157507469,-0.9320665140215306,low
0,2,0,0,1,-0.43815430442840414,0.38984884987788077,0.3817550224397755,0.11114985596308403,medium
1,1,5,1,0,-0.16520121515776082,-1.16145132761432,-0.7737777969623845,-0.7001434465781551,low
1,0,0,0,0,0.8583728696071516,0.8834443608981265,0.9255351727466743,0.8891174677506508,high
0,0,0,0,1,-0.09696294284009999,1.0949852941925176,0.5177000600165002,0.5052408037896393,high
0,2,0,1,1,-0.16520121515776082,-0.3858012388682196,0.10986494728632608,-0.14704583557988476,medium
0,2,4,1,1,1.131325958877795,0.9539580053295902,1.4693153230535732,1.1848664290869861,high
0,2,1,1,1,0.9948494142424733,1.3065262274869085,1.4693153230535732,1.256896988260985,high
0,1,2,1,1,-0.8475839383343691,-0.3858012388682196,-0.026080090290398622,-0.4198217558309958,medium
1,3,2,1,0,0.1077518741128825,-0.3858012388682196,-0.16202512786712334,-0.14669149754082014,medium
0,2,4,1,1,-0.8475839383343691,-1.5140195497716382,-1.1136403909041963,-1.1584146263367345,low
0,3,4,0,0,-0.506392576746065,0.6013897831722718,0.5177000600165002,0.20423242214756898,medium
0,1,5,1,1,-0.028724670522439148,-0.03323301671090125,-0.026080090290398622,-0.029345925841246342,medium
1,4,4,1,1,0.6536580526541692,0.1077942721520261,0.24580998486305078,0.335754103223082,medium
0,3,3,1,1,0.5171815080188475,0.6719034276037354,0.9255351727466743,0.704873369456419,high
0,1,0,1,0,1.8819469543720642,1.2360125830554447,1.6052603606302978,1.5744066326859354,high
1,2,4,0,1,-0.23343948747542165,-0.5973421721626107,-0.9776953533274715,-0.6028256709885013,low
0,4,0,1,0,1.950185226689725,1.377039871918372,1.6052603606302978,1.6441618197461316,high
0,3,3,0,1,-1.8029197507816208,-0.7383694610255379,-0.9776953533274715,-1.1729948550448768,low
0,1,5,1,1,1.0630876865601342,0.8834443608981265,0.7895901351699496,0.9120407275427368,high
1,0,2,1,1,0.1077518741128825,0.03728062772056242,-0.16202512786712334,-0.005664208677892801,medium
1,1,1,0,1,-0.7793456660167083,-0.7383694610255379,-0.9776953533274715,-0.8318034934565727,low
1,2,3,1,1,0.8583728696071516,0.6013897831722718,0.5856725788048626,0.6818117438614286,high
0,2,1,1,1,1.3360407758307775,1.5885808052127632,1.2653977666884861,1.3966731159106756,high
1,3,4,1,1,0.6536580526541692,0.1077942721520261,0.31378250365141314,0.3584116094858694,medium
1,0,5,1,1,-0.16520121515776082,-1.372992260908711,-1.7253930599994574,-1.087862178688643,low
1,3,5,0,1,-0.3016777597930825,-1.4435059053401746,-1.1136403909041963,-0.9529413520124844,low
0,1,5,1,0,-0.8475839383343691,-0.5973421721626107,-0.43391520302057274,-0.6262804378391841,low
0,1,3,0,0,0.72189632497183,1.9411490273700815,1.7412053982070226,1.4680835835163115,high
0,2,5,1,0,0.6536580526541692,1.2360125830554447,1.1294527291117613,1.0063744549404585,high
0,3,4,1,1,0.5171815080188475,1.377039871918372,1.061480210323399,0.9852338634202061,high
0,4,4,1,0,-0.028724670522439148,0.3193352054464171,0.31378250365141314,0.201464346191797,medium
0,3,5,1,0,-0.028724670522439148,0.6013897831722718,0.6536450975932249,0.4087700700810191,medium
0,1,2,0,0,0.03951360179522168,0.6013897831722718,0.7216176163815873,0.45417366711636026,medium
1,3,4,1,1,0.312466691065865,-1.4435059053401746,-1.1136403909041963,-0.748226535059502,low
0,2,0,1,1,1.6772321374190817,1.1654989386239811,1.061480210323399,1.3014037621221541,high
1,3,1,1,1,0.17599014643054334,-0.8088831054570016,-0.7737777969623845,-0.4688902519962809,medium
1,2,3,0,1,-0.8475839383343691,-0.7383694610255379,-1.249585428480921,-0.9451796092802759,low
1,2,2,1,0,-0.91582221065203,-1.2319649720457837,-1.3175579472692833,-1.1551150433223656,low
1,4,4,1,1,0.1077518741128825,-0.6678558165940742,-0.6378327593856598,-0.3993122339556172,medium
1,2,5,0,0,-0.7111073936990474,-0.5973421721626107,-0.5698602405972975,-0.6261032688196518,low
0,2,2,0,1,-2.075872840052264,-1.16145132761432,-1.7253930599994574,-1.6542390758886805,low
0,3,1,0,1,-2.55354074627589,-2.007615060791884,-1.453502984846008,-2.0048862639712604,low
0,2,0,1,1,-0.3016777597930825,0.3193352054464171,0.10986494728632608,0.04250746431322022,medium
0,2,0,1,0,0.1077518741128825,-0.1742603055738286,0.31378250365141314,0.08242469073015568,medium
0,2,5,1,1,-1.3252518445579948,-1.0909376831828563,-1.045667872115834,-1.153952466618895,low
1,4,0,1,0,-0.3016777597930825,-0.5973421721626107,-0.7058052781740222,-0.5349417367099051,low
0,4,0,1,0,0.8583728696071516,1.3065262274869085,1.7412053982070226,1.3020348317670276,high
1,1,2,1,0,0.44894323570118666,-0.03323301671090125,-0.026080090290398622,0.12987670956662892,medium
0,2,1,0,0,-0.028724670522439148,0.9539580053295902,0.9935076915350366,0.6395803421140626,high
1,2,0,1,0,-1.0522987552873515,-0.6678558165940742,-0.7058052781740222,-0.808653283351816,low
0,3,2,1,1,-1.0522987552873515,-0.24477395000529226,-0.43391520302057274,-0.5769959694377388,low
1,4,1,1,0,1.2678025035131166,-0.24477395000529226,0.17783746607468842,0.4002886731941709,medium
1,0,0,1,0,2.086661771325047,1.5885808052127632,1.1974252479001237,1.6242226081459779,high
1,2,2,1,0,0.5854197803365083,-0.03323301671090125,-0.026080090290398622,0.17536889111173615,medium
1,3,0,0,0,0.8583728696071516,0.8834443608981265,0.7895901351699496,0.8438024552250759,high
0,2,0,1,1,0.9948494142424733,0.5308761387408081,0.7216176163815873,0.7491143897882896,high
0,3,0,1,1,1.0630876865601342,1.8001217385071542,1.4013428042652107,1.4215174097774996,high
0,3,3,1,1,-0.16520121515776082,-0.4563148832996833,-0.16202512786712334,-0.2611804087748558,medium
1,4,5,0,0,0.7901345972894909,0.9539580053295902,0.7895901351699496,0.8445609125963435,high
0,0,5,1,0,1.7454704097367424,2.1526899606644725,1.9451229545721096,1.9477611083244415,high
1,2,2,1,0,0.38070496338352583,-0.1742603055738286,-0.297970165443848,-0.03050850254471693,medium
0,2,2,0,1,-0.3016777597930825,-0.1742603055738286,-0.297970165443848,-0.25796941027025305,medium
1,2,3,1,1,0.8583728696071516,0.17830791658348977,0.04189242849796373,0.3595244048962018,medium
1,2,5,0,1,0.8583728696071516,0.46036249430934445,-0.22999764665548567,0.3629125724203368,medium
1,1,1,0,0,1.4042790481484384,1.4475535163498359,1.3333702854768483,1.3950676166583742,high
0,1,0,1,1,-1.8029197507816208,-1.5140195497716382,-1.249585428480921,-1.52217490967806,low
1,3,4,0,1,0.72189632497183,-0.526828527731147,-0.297970165443848,-0.034300789401055,medium
1,4,0,1,1,-0.91582221065203,-1.7255604830660294,-1.9293106163645444,-1.5235644366942012,low
0,2,4,0,1,-2.3488259293229072,-2.1486423496548115,-2.405118247883081,-2.3008621756202667,low
0,2,0,1,0,-0.7793456660167083,0.17830791658348977,0.7216176163815873,0.040193288982789586,medium
1,2,3,0,1,-0.3699160321107433,-0.1742603055738286,-0.16202512786712334,-0.23540048851723172,medium
0,1,0,0,1,-0.91582221065203,0.03728062772056242,0.10986494728632608,-0.25622554521504715,medium
1,3,5,1,1,0.44894323570118666,-0.24477395000529226,-0.43391520302057274,-0.07658197244155944,medium
0,3,4,1,0,0.5171815080188475,0.38984884987788077,0.7216176163815873,0.5428826580927718,high
0,2,4,1,1,-0.23343948747542165,0.3193352054464171,0.3817550224397755,0.15588358013692363,medium
1,2,1,1,0,2.018423499007386,1.4475535163498359,1.6052603606302978,1.6904124586625064,high
0,3,4,0,0,-0.23343948747542165,0.7424170720351991,0.7895901351699496,0.43285590657657574,medium
1,1,1,0,1,-1.2570135722403342,-1.3024786164772473,-1.5214755036343703,-1.3603225641173173,low
1,1,0,1,1,-1.2570135722403342,-1.8665877719289568,-1.5894480224227328,-1.5710164555306747,low
0,4,1,0,0,1.7454704097367424,2.1526899606644725,2.1490405109371964,2.015733627112804,high
0,3,3,0,0,-0.3699160321107433,0.1077942721520261,0.6536450975932249,0.13050777921150256,medium
1,1,2,0,1,-0.23343948747542165,-1.5140195497716382,-1.453502984846008,-1.066987340697689,low
1,3,1,0,1,0.1077518741128825,-0.10374666114236492,-0.09405260907876098,-0.030015798702747797,medium
1,1,4,1,0,0.312466691065865,0.38984884987788077,0.10986494728632608,0.27072682941002396,medium
1,0,1,1,1,1.6772321374190817,1.8706353829386178,1.6052603606302978,1.7177092936626657,high
0,2,4,1,1,-0.91582221065203,-0.526828527731147,-0.8417503157507469,-0.7614670180446413,low
0,2,2,0,0,-1.1205370276050124,-0.24477395000529226,-0.297970165443848,-0.5544270476847176,low
0,4,2,1,1,0.5171815080188475,0.8129307164666628,0.17783746607468842,0.5026498968533996,high
1,0,0,0,0,-1.8029197507816208,-1.0204240387513925,-1.045667872115834,-1.2896705538829492,low
1,0,4,1,0,-0.3699160321107433,-1.3024786164772473,-1.1136403909041963,-0.9286783464973957,low
0,1,2,1,1,0.9948494142424733,1.5180671607812994,1.4013428042652107,1.3047531264296612,high
0,1,4,0,0,-1.2570135722403342,-0.949910394319929,-0.7058052781740222,-0.9709097482447618,low
0,3,3,1,1,-0.91582221065203,-0.5973421721626107,-0.026080090290398622,-0.5130814910350131,low
0,3,5,1,1,0.9948494142424733,1.9411490273700815,1.8771504357837472,1.6043829591321008,high
0,4,5,1,1,0.72189632497183,0.6719034276037354,0.7895901351699496,0.727796629248505,high
0,3,1,0,1,-0.23343948747542165,0.24882156101495342,0.6536450975932249,0.22300905704425222,medium
0,3,0,1,0,0.44894323570118666,0.38984884987788077,0.7895901351699496,0.5427940735830057,high
0,3,4,1,1,0.17599014643054334,0.5308761387408081,0.5856725788048626,0.43084628799207136,medium
0,2,0,1,1,-0.09696294284009999,0.46036249430934445,0.5177000600165002,0.2936998704952482,medium
0,0,2,1,1,-0.7793456660167083,0.24882156101495342,0.31378250365141314,-0.0722472004501139,medium
0,2,1,0,1,-1.5299666615109775,-0.4563148832996833,-0.43391520302057274,-0.8067322492770779,low
0,2,4,1,1,-0.8475839383343691,-0.3858012388682196,-0.22999764665548567,-0.48779427461935815,medium
0,0,5,1,1,-1.2570135722403342,-0.24477395000529226,-0.22999764665548567,-0.5772617229670374,low
1,2,4,0,1,-0.5746308490637257,-0.8793967498884653,-0.9776953533274715,-0.8105743174265542,low
1,0,5,1,1,0.312466691065865,-0.526828527731147,-1.249585428480921,-0.48798242171540096,medium
1,4,1,1,1,0.1077518741128825,-0.10374666114236492,-0.297970165443848,-0.09798831749111014,medium
0,4,2,1,1,0.5171815080188475,0.46036249430934445,0.31378250365141314,0.43044216865986834,medium
0,2,1,1,0,1.7454704097367424,2.1526899606644725,2.081067992148834,1.9930761208500165,high
0,2,1,1,0,-0.7111073936990474,0.6719034276037354,0.24580998486305078,0.0688686729225796,medium
1,0,5,1,1,-0.91582221065203,-1.0909376831828563,-1.3855304660576457,-1.1307634532975106,low
0,3,2,1,1,0.17599014643054334,0.5308761387408081,0.31378250365141314,0.3402162629409215,medium
0,3,5,1,1,-0.09696294284009999,0.8834443608981265,0.8575626539583119,0.5480146906721127,high
0,3,3,1,1,-0.8475839383343691,-0.6678558165940742,-0.3659426842322104,-0.6271274797202179,low
0,2,2,1,1,-2.55354074627589,-2.853778793969448,-2.609035804248168,-2.6721184481645017,low
0,4,4,1,1,0.6536580526541692,0.6013897831722718,0.7895901351699496,0.6815459903321303,high
1,3,2,0,1,-0.43815430442840414,-0.8793967498884653,-1.1816129096925585,-0.8330546546698093,low
1,3,3,0,0,1.1995642311954557,1.377039871918372,1.4693153230535732,1.3486398087224671,high
1,2,5,1,1,0.5854197803365083,0.17830791658348977,-0.43391520302057274,0.10993749796647512,medium
0,2,0,1,1,1.2678025035131166,1.0244716497610538,0.9255351727466743,1.0726031086736147,high
0,2,3,0,1,-1.8029197507816208,-0.8088831054570016,-0.9776953533274715,-1.196499403188698,low
0,4,4,1,1,-0.3699160321107433,-0.3858012388682196,-0.43391520302057274,-0.3965441579998452,medium
0,1,0,1,1,-0.5746308490637257,-0.4563148832996833,-0.22999764665548567,-0.4203144596729649,medium
1,3,4,0,0,0.17599014643054334,-0.6678558165940742,-0.3659426842322104,-0.2859361181319138,medium
0,2,4,1,1,-0.5746308490637257,-0.7383694610255379,-0.16202512786712334,-0.4916751459854624,medium
1,2,1,1,0,1.8819469543720642,1.4475535163498359,1.5372878418419353,1.622262770854612,high
0,2,0,1,1,-0.09696294284009999,0.5308761387408081,0.3817550224397755,0.2718894061134945,medium
0,0,0,1,1,1.0630876865601342,1.6590944496442268,1.6732328794186602,1.465138338541007,high
0,2,2,1,1,-0.43815430442840414,-0.10374666114236492,0.24580998486305078,-0.09869699356923943,medium
0,4,1,1,1,-2.0076345677346032,-1.7255604830660294,-2.065255653941269,-1.9328169015806338,low
1,3,1,1,1,1.472517320466099,0.6013897831722718,0.9935076915350366,1.0224715983911359,high
1,3,3,1,1,1.950185226689725,0.8129307164666628,1.061480210323399,1.2748653844932623,high
1,2,0,0,0,-0.09696294284009999,0.24882156101495342,-0.026080090290398622,0.041926175961484936,medium
0,2,2,0,1,-2.144111112369925,-0.5973421721626107,-0.9776953533274715,-1.2397162126200023,low
1,1,1,0,1,-0.3016777597930825,-0.4563148832996833,-0.8417503157507469,-0.5332476529478375,low
1,2,2,0,0,-0.5746308490637257,-1.3024786164772473,-1.1136403909041963,-0.9969166188150563,low
1,0,4,1,0,2.291376588278029,1.8706353829386178,1.1974252479001237,1.7864790730389233,high
0,4,1,0,1,-0.3699160321107433,-0.8088831054570016,-0.43391520302057274,-0.5375714468627725,low
1,3,4,1,0,2.291376588278029,1.9411490273700815,2.081067992148834,2.1045312025989817,high
1,1,0,0,0,0.17599014643054334,0.03728062772056242,-0.3659426842322104,-0.05089063669370154,medium
1,3,0,1,1,-0.3699160321107433,-1.5140195497716382,-1.5214755036343703,-1.135137028505584,low
1,3,4,0,1,-1.1887752999226733,-0.8793967498884653,-1.5214755036343703,-1.1965491844818363,low
0,2,5,1,0,-1.5299666615109775,-1.3024786164772473,-0.9097228345391092,-1.2473893708424446,low
1,3,4,1,1,0.03951360179522168,-0.3858012388682196,0.10986494728632608,-0.07880756326222395,medium
1,1,2,1,1,0.8583728696071516,-0.6678558165940742,-0.22999764665548567,-0.013160197880802749,medium
0,1,1,1,0,-0.028724670522439148,0.3193352054464171,0.8575626539583119,0.38272439629409655,medium
0,2,2,1,1,0.5854197803365083,1.3065262274869085,1.1294527291117613,1.007132912311726,high
1,3,5,1,1,1.1995642311954557,1.0244716497610538,0.7895901351699496,1.0045420053754863,high
1,0,2,1,1,0.312466691065865,0.3193352054464171,-0.297970165443848,0.111277243689478,medium
0,1,2,0,0,0.03951360179522168,0.7424170720351991,0.8575626539583119,0.5464977759295776,high
0,3,5,1,0,0.9266111419248125,1.5885808052127632,1.3333702854768483,1.2828540775381414,high
1,4,4,1,1,1.3360407758307775,0.46036249430934445,0.3817550224397755,0.7260527641932991,high
0,3,0,1,1,0.6536580526541692,0.3193352054464171,0.31378250365141314,0.4289252539173331,medium
1,3,2,1,1,-1.73468147846396,-1.2319649720457837,-1.1816129096925585,-1.3827531200674341,low
0,3,0,0,0,0.5171815080188475,1.3065262274869085,1.4693153230535732,1.0976743528531097,high
0,1,5,0,1,0.38070496338352583,0.8129307164666628,0.7216176163815873,0.6384177654105919,high
0,4,2,1,0,0.5171815080188475,0.6719034276037354,0.7895901351699496,0.6595583569308442,high
1,1,2,1,1,0.24422841874820417,-0.3152875944367559,-0.5698602405972975,-0.21363980542861638,medium
0,1,1,1,0,-0.09696294284009999,0.8129307164666628,0.8575626539583119,0.5245101425282915,high
0,3,0,1,1,-0.506392576746065,0.03728062772056242,-0.22999764665548567,-0.23303653189366277,medium
0,4,2,0,1,-0.16520121515776082,-0.526828527731147,-0.026080090290398622,-0.2393699443931021,medium
0,1,2,1,1,-1.1205370276050124,-1.16145132761432,-0.9097228345391092,-1.0639037299194805,low
0,3,4,1,0,0.17599014643054334,0.6719034276037354,0.8575626539583119,0.5684854093308636,high
1,2,5,0,0,-1.0522987552873515,-0.949910394319929,-1.045667872115834,-1.0159590072410383,low
0,0,2,1,0,0.1077518741128825,0.7424170720351991,0.5177000600165002,0.45595633538819397,medium
0,3,4,1,0,1.2678025035131166,1.1654989386239811,2.013095473360472,1.4821323051658564,high
0,0,0,1,0,-0.09696294284009999,0.03728062772056242,0.3817550224397755,0.10735756910674597,medium
0,1,5,1,1,0.44894323570118666,0.6719034276037354,0.7216176163815873,0.6141547598955032,high
0,1,4,1,1,-0.3016777597930825,-0.1742603055738286,-0.09405260907876098,-0.1899968914818907,medium
1,2,0,0,1,0.72189632497183,-0.1742603055738286,-0.297970165443848,0.08322195131805114,medium
1,3,5,1,1,0.17599014643054334,-0.24477395000529226,-0.501887721808935,-0.1902238417945613,medium
0,3,0,0,1,-1.5982049338286382,-0.6678558165940742,-0.7058052781740222,-0.9906220095322449,low
1,3,0,1,1,1.6089938651014208,1.2360125830554447,1.1294527291117613,1.3248197257562089,high
1,2,4,0,1,0.5171815080188475,0.5308761387408081,0.31378250365141314,0.45394671680368964,medium
1,2,5,1,1,0.44894323570118666,-0.24477395000529226,-0.3659426842322104,-0.053924466178771994,medium
0,3,4,0,1,-0.7793456660167083,0.1077942721520261,0.04189242849796373,-0.20988632178890618,medium
0,2,2,1,1,-0.09696294284009999,-0.03323301671090125,-0.09405260907876098,-0.07474952287658741,medium
1,3,0,1,1,0.9266111419248125,-0.4563148832996833,-0.3659426842322104,0.034784524797639625,medium
0,2,5,0,0,-1.1205370276050124,-0.6678558165940742,-0.5698602405972975,-0.7860843615987947,low
0,2,4,0,0,-0.23343948747542165,0.24882156101495342,0.17783746607468842,0.06440651320474007,medium
0,1,1,0,1,0.72189632497183,1.0949852941925176,1.2653977666884861,1.0274264619509446,high
1,2,4,1,1,0.44894323570118666,0.3193352054464171,-0.501887721808935,0.08879690644622291,medium
1,3,0,1,0,0.9948494142424733,0.17830791658348977,0.5856725788048626,0.5862766365436086,high
0,2,2,0,1,-0.028724670522439148,0.46036249430934445,-0.026080090290398622,0.13518591116550224,medium
1,3,0,0,1,-0.9840604829696907,-0.8793967498884653,-1.249585428480921,-1.0376808871130256,low
0,2,4,1,1,0.17599014643054334,0.6013897831722718,0.5177000600165002,0.4316933298731051,medium
0,2,0,1,0,-0.09696294284009999,1.0244716497610538,1.061480210323399,0.6629963057481175,high
0,3,2,1,0,0.17599014643054334,0.5308761387408081,0.6536450975932249,0.45350379425485876,medium
0,1,4,1,0,-1.1205370276050124,-0.3858012388682196,-0.16202512786712334,-0.5561211314467851,low
0,4,4,1,0,0.44894323570118666,0.6013897831722718,0.5177000600165002,0.5226776929633196,high
0,2,5,1,0,0.24422841874820417,0.8834443608981265,0.5177000600165002,0.5484576132209437,high
1,3,0,0,1,0.9948494142424733,0.38984884987788077,0.6536450975932249,0.6794477872378596,high
1,3,4,0,1,-0.23343948747542165,-0.5973421721626107,-0.5698602405972975,-0.46688063341177655,medium
0,3,2,1,1,0.03951360179522168,0.17830791658348977,0.3817550224397755,0.19985884693949565,medium
1,1,2,1,1,-0.43815430442840414,-0.10374666114236492,-0.5698602405972975,-0.3705870687226889,medium
1,1,2,1,1,-0.3016777597930825,-1.0204240387513925,-0.9776953533274715,-0.7665990506239821,low
0,2,5,0,0,-2.55354074627589,-2.0781287052233477,-1.657420541211095,-2.096363330903444,low
1,1,4,1,0,-0.3016777597930825,-0.24477395000529226,-0.026080090290398622,-0.19084393336292446,medium
0,4,3,1,0,1.8819469543720642,2.0821763162330087,2.1490405109371964,2.0377212605140897,high
1,4,4,1,0,1.2678025035131166,0.38984884987788077,-0.026080090290398622,0.5438570877001996,high
1,3,0,0,1,0.72189632497183,0.6013897831722718,0.31378250365141314,0.5456895372651717,high
1,0,2,0,1,-0.91582221065203,-0.8088831054570016,-1.657420541211095,-1.1273752857733754,low
1,4,4,0,1,1.8137086820544033,1.4475535163498359,0.9935076915350366,1.4182566299797585,high
0,2,0,1,1,-1.1887752999226733,-1.16145132761432,-1.045667872115834,-1.1319648332176089,low
0,4,0,0,1,0.44894323570118666,0.46036249430934445,0.6536450975932249,0.520983609201252,high
0,2,1,0,0,-0.028724670522439148,0.3193352054464171,0.8575626539583119,0.38272439629409655,medium
0,3,0,1,1,0.72189632497183,0.5308761387408081,0.31378250365141314,0.5221849891213504,high
0,2,5,1,1,-1.1887752999226733,-0.4563148832996833,-0.8417503157507469,-0.8289468329910346,low
0,3,4,0,1,0.8583728696071516,1.377039871918372,1.1974252479001237,1.1442793298085492,high
0,2,0,1,0,0.5854197803365083,0.8834443608981265,1.4693153230535732,0.9793931547627359,high
0,0,1,1,1,-0.506392576746065,0.17830791658348977,0.10986494728632608,-0.07273990429208305,medium
0,3,0,1,0,-0.6428691213813866,0.6013897831722718,0.7216176163815873,0.22671275939082414,medium
1,2,2,0,1,-0.028724670522439148,-0.24477395000529226,-0.6378327593856598,-0.30377712663779705,medium
0,4,1,1,0,0.8583728696071516,0.8129307164666628,0.9255351727466743,0.8656129196068295,high
0,1,5,1,1,-0.6428691213813866,-0.1742603055738286,0.24580998486305078,-0.19043981403072144,medium
1,0,1,1,0,1.4042790481484384,1.0244716497610538,1.2653977666884861,1.2313828215326594,high
0,3,4,1,1,-0.23343948747542165,-0.3858012388682196,-0.09405260907876098,-0.23776444514080075,medium
0,1,5,0,0,-0.506392576746065,-0.4563148832996833,-0.297970165443848,-0.4202258751631988,medium
1,0,1,0,1,-0.3016777597930825,0.17830791658348977,-0.22999764665548567,-0.11778916328835946,medium
1,3,2,1,1,-1.3934901168756557,-2.5012105718121296,-2.201200691517994,-2.03196712673526,low
1,2,4,1,1,-0.028724670522439148,-0.7383694610255379,-1.1136403909041963,-0.6269115074840578,low
1,3,2,1,1,1.54075559278376,1.2360125830554447,0.7216176163815873,1.1661285974069306,high
0,3,0,0,0,-1.666443206146299,-0.5973421721626107,-0.7058052781740222,-0.9898635521609774,low
1,2,4,1,0,1.8137086820544033,1.0244716497610538,1.4693153230535732,1.4358318849563434,high
0,4,5,1,0,0.9266111419248125,1.0949852941925176,1.1294527291117613,1.0503497217430304,high
0,3,4,1,1,2.1549000436427073,2.1526899606644725,2.081067992148834,2.129552665485338,high
1,3,3,1,1,0.9948494142424733,0.8129307164666628,1.061480210323399,0.9564201136775118,high
0,1,5,1,0,-0.43815430442840414,0.03728062772056242,0.3817550224397755,-0.006372884756022083,medium
0,1,0,0,0,0.6536580526541692,1.7296080940756906,1.2653977666884861,1.2162213044727819,high
1,2,0,1,0,0.44894323570118666,0.6013897831722718,0.24580998486305078,0.4320476679121698,medium
0,2,0,1,0,2.018423499007386,1.8706353829386178,2.081067992148834,1.990042291364946,high
0,2,2,1,1,0.6536580526541692,0.46036249430934445,0.3817550224397755,0.498591856467763,medium
1,4,0,0,0,1.6772321374190817,0.24882156101495342,0.7895901351699496,0.9052146112013282,high
0,2,4,0,1,-0.3016777597930825,0.17830791658348977,0.10986494728632608,-0.004501631974422211,medium
1,3,5,0,0,-0.7793456660167083,-0.7383694610255379,-0.6378327593856598,-0.7185159621426354,low
0,1,5,0,0,0.5171815080188475,1.4475535163498359,1.3333702854768483,1.0993684366151772,high
1,2,2,1,1,-1.1205370276050124,-1.5140195497716382,-1.7933655787878198,-1.4759740520548235,low
1,1,4,1,1,-1.3252518445579948,-1.8665877719289568,-1.8613380975761822,-1.684392571354378,low
1,4,4,1,0,0.9948494142424733,0.3193352054464171,0.17783746607468842,0.4973406952545263,medium
0,4,0,1,0,-0.09696294284009999,0.38984884987788077,0.5856725788048626,0.29285282861421447,medium
1,4,5,1,0,0.1077518741128825,-1.3024786164772473,-0.7737777969623845,-0.6561681797755831,low
0,3,2,0,1,0.44894323570118666,1.5885808052127632,1.061480210323399,1.0330014170791164,high
1,2,4,1,1,-0.91582221065203,-2.1486423496548115,-2.1332281727296314,-1.7325642443454907,low
0,1,0,0,0,0.1077518741128825,0.5308761387408081,0.7895901351699496,0.4760727160078801,medium
1,0,5,0,1,-0.7793456660167083,-1.6550468386345656,-1.7253930599994574,-1.3865951882169103,low
0,2,4,1,0,1.4042790481484384,1.377039871918372,1.7412053982070226,1.5075081060912776,high
1,3,5,1,1,-0.7793456660167083,-1.584533194203102,-1.657420541211095,-1.3404331338103017,low
0,4,4,0,1,-0.91582221065203,-0.8088831054570016,-0.7737777969623845,-0.8328277043571387,low
1,2,3,1,1,0.03951360179522168,-0.8793967498884653,-0.6378327593856598,-0.49257196915963447,medium
1,2,0,1,1,1.7454704097367424,0.6719034276037354,1.061480210323399,1.1596180158879588,high
0,1,4,0,0,-0.91582221065203,-0.24477395000529226,0.31378250365141314,-0.2822712190019697,medium
1,3,0,1,1,0.9948494142424733,0.1077942721520261,0.31378250365141314,0.47214206334863756,medium
1,2,2,0,1,-0.3699160321107433,-0.6678558165940742,-0.9097228345391092,-0.6491648944146422,low
1,3,1,1,1,0.9266111419248125,0.24882156101495342,0.24580998486305078,0.4737475626009389,medium
0,0,0,0,1,-2.0076345677346032,-0.8793967498884653,-0.8417503157507469,-1.242927211124605,low
0,2,2,1,1,0.9948494142424733,1.0244716497610538,0.9255351727466743,0.9816187455834005,high
0,2,0,1,0,-0.506392576746065,0.24882156101495342,0.24580998486305078,-0.003920343622686913,medium
1,1,4,0,1,-0.7793456660167083,-1.0204240387513925,-1.453502984846008,-1.0844242298713695,low
1,3,0,1,1,0.38070496338352583,0.6719034276037354,0.3817550224397755,0.4781211378090122,medium
1,3,2,1,1,0.17599014643054334,0.38984884987788077,0.17783746607468842,0.24789215412770416,medium
1,2,4,1,1,0.17599014643054334,-0.3858012388682196,-0.026080090290398622,-0.07863039424269162,medium
0,2,1,0,1,-1.1205370276050124,-0.6678558165940742,-0.6378327593856598,-0.8087418678615821,low
1,1,4,1,0,1.4042790481484384,1.0244716497610538,1.1974252479001237,1.2087253152698718,high
1,3,5,1,0,0.312466691065865,-0.03323301671090125,-0.026080090290398622,0.0843845280215217,medium
1,4,4,1,1,0.1077518741128825,0.17830791658348977,-0.22999764665548567,0.0186873813469622,medium
1,2,3,0,0,0.8583728696071516,0.5308761387408081,0.44972754122813785,0.6129921831920325,high
0,2,5,1,0,0.72189632497183,1.4475535163498359,1.1294527291117613,1.0996341901444757,high
1,2,0,0,1,-0.5746308490637257,-1.0204240387513925,-1.045667872115834,-0.8802409199769841,low
0,4,0,1,1,1.1995642311954557,1.8001217385071542,1.6052603606302978,1.5349821101109693,high
1,3,4,1,1,-0.7793456660167083,-0.8088831054570016,-1.1136403909041963,-0.9006230541259687,low
1,4,1,0,0,0.24422841874820417,-0.10374666114236492,0.24580998486305078,0.12876391415629668,medium
0,3,4,0,0,-0.9840604829696907,-0.7383694610255379,-0.22999764665548567,-0.6508091968835714,low
1,1,4,1,0,0.17599014643054334,0.5308761387408081,0.5856725788048626,0.43084628799207136,medium
0,2,2,0,1,-0.91582221065203,0.17830791658348977,-0.297970165443848,-0.3451614865041294,medium
0,3,5,1,1,-1.2570135722403342,-0.8088831054570016,-0.9776953533274715,-1.0145306770082692,low
1,3,5,1,0,0.7901345972894909,0.8129307164666628,1.1974252479001237,0.9334968538854258,high
0,1,2,1,1,-0.3016777597930825,-0.526828527731147,-0.3659426842322104,-0.3981496572521466,medium
1,3,4,1,1,-0.43815430442840414,-0.4563148832996833,-0.6378327593856598,-0.5107673157045824,low
0,1,2,1,1,0.5171815080188475,0.17830791658348977,0.24580998486305078,0.31376646982179607,medium
0,2,2,1,0,-0.5746308490637257,0.38984884987788077,0.5856725788048626,0.1336301932063392,medium
1,1,2,1,0,0.6536580526541692,-0.526828527731147,-0.5698602405972975,-0.1476769052247584,medium
0,3,5,1,1,0.1077518741128825,0.1077942721520261,0.44972754122813785,0.2217578958310155,medium
1,0,4,0,1,-0.5746308490637257,-0.6678558165940742,-0.7737777969623845,-0.6720881542067282,low
1,1,2,1,1,-0.9840604829696907,-1.5140195497716382,-1.3175579472692833,-1.2718793266702042,low
1,3,1,1,1,0.5854197803365083,0.24882156101495342,0.3817550224397755,0.40533212126374574,medium
0,1,5,0,0,-0.9840604829696907,-0.1742603055738286,0.24580998486305078,-0.3041702678934895,medium
0,2,1,0,1,-0.3016777597930825,0.6013897831722718,0.7216176163815873,0.34044321325359217,medium
1,1,4,1,1,-0.028724670522439148,-0.3152875944367559,-0.5698602405972975,-0.30462416851883084,medium
0,1,5,0,1,-1.1887752999226733,-0.8088831054570016,-0.9097228345391092,-0.969127079972928,low
0,1,2,1,1,-0.028724670522439148,0.17830791658348977,0.10986494728632608,0.08648273111579223,medium
0,2,4,0,1,-2.144111112369925,-1.796074127497493,-1.7253930599994574,-1.888526099955625,low
0,0,4,1,0,0.38070496338352583,0.6719034276037354,0.9255351727466743,0.6593811879113118,high
1,4,0,1,0,1.8819469543720642,1.0949852941925176,0.9255351727466743,1.3008224737704188,high
0,3,0,0,1,-1.3934901168756557,-0.949910394319929,-0.7737777969623845,-1.0390594360526564,low
0,1,3,1,1,0.72189632497183,1.4475535163498359,1.061480210323399,1.0769766838816883,high
0,1,2,0,0,0.6536580526541692,1.0949852941925176,0.9255351727466743,0.8913928398644537,high
0,2,0,1,0,-0.9840604829696907,-0.7383694610255379,-0.43391520302057274,-0.7187817156719337,low
1,2,1,1,0,1.6772321374190817,0.8129307164666628,0.7216176163815873,1.0705934900891105,high
0,1,5,1,0,-2.3488259293229072,-1.3024786164772473,-1.657420541211095,-1.76957502900375,low
0,4,5,0,1,0.38070496338352583,0.6719034276037354,0.5856725788048626,0.5460936565973746,high
1,2,0,0,1,0.1077518741128825,-0.3152875944367559,-0.501887721808935,-0.23647448071093616,medium
0,2,3,0,1,-0.9840604829696907,-0.3152875944367559,-0.501887721808935,-0.600411933071794,low
0,1,2,1,1,-1.2570135722403342,-0.526828527731147,-0.5698602405972975,-0.7845674468562596,low
0,3,4,0,1,-0.43815430442840414,-0.24477395000529226,0.10986494728632608,-0.19102110238245676,medium
1,3,2,0,1,-0.028724670522439148,0.3193352054464171,0.04189242849796373,0.11083432114064722,medium
1,4,5,1,0,1.54075559278376,1.0244716497610538,0.5856725788048626,1.050299940449892,high
0,1,2,1,1,-1.666443206146299,-1.2319649720457837,-1.1816129096925585,-1.3600070292948805,low
0,4,0,0,0,-0.6428691213813866,-0.10374666114236492,0.31378250365141314,-0.14427775962411282,medium
1,3,2,1,1,0.24422841874820417,0.03728062772056242,0.10986494728632608,0.1304579979183642,medium
0,4,0,0,1,0.24422841874820417,1.0244716497610538,0.8575626539583119,0.7087542408225233,high
1,4,4,1,1,0.17599014643054334,-0.6678558165940742,-0.9776953533274715,-0.4898536744970008,medium
0,2,0,1,1,-0.9840604829696907,-1.0204240387513925,-0.7737777969623845,-0.9260874395611559,low
1,2,5,1,0,0.03951360179522168,0.24882156101495342,-0.026080090290398622,0.08741835750659217,medium
1,2,5,1,0,0.6536580526541692,0.7424170720351991,0.31378250365141314,0.5699525427802605,high
0,4,0,1,1,1.4042790481484384,1.7296080940756906,1.8091779169953848,1.6476883530731712,high
0,1,4,1,1,1.0630876865601342,1.0949852941925176,1.2653977666884861,1.1411569158137127,high
0,2,4,1,1,0.44894323570118666,0.46036249430934445,0.6536450975932249,0.520983609201252,high
1,0,4,0,1,0.5854197803365083,0.8129307164666628,0.3817550224397755,0.5933685064143156,high
0,3,4,0,1,-0.16520121515776082,0.3193352054464171,0.44972754122813785,0.20128717717226471,medium
0,4,2,0,1,-1.73468147846396,-1.7255604830660294,-1.9293106163645444,-1.7965175259648447,low
1,2,2,1,1,1.6089938651014208,0.38984884987788077,0.04189242849796373,0.6802450478257551,high
1,1,1,1,1,-0.506392576746065,-1.0909376831828563,-1.1816129096925585,-0.9263143898738266,low
1,0,5,1,1,-1.0522987552873515,-2.7127515051065205,-2.201200691517994,-1.9887503173039554,low
1,0,2,0,1,-1.4617283891933166,-1.584533194203102,-1.3175579472692833,-1.4546065102219006,low
0,2,3,1,0,-0.8475839383343691,-0.3858012388682196,-0.09405260907876098,-0.44247926209378324,medium
1,4,5,1,0,1.4042790481484384,1.0244716497610538,0.5177000600165002,0.9821502526419974,high
0,2,2,1,1,0.38070496338352583,0.7424170720351991,0.9935076915350366,0.7055432423179205,high
1,1,5,1,0,1.8819469543720642,1.1654989386239811,1.2653977666884861,1.4376145532281772,high
0,0,1,1,1,-1.4617283891933166,-0.7383694610255379,-0.297970165443848,-0.8326893385542341,low
1,3,1,0,0,-0.3699160321107433,0.03728062772056242,0.5177000600165002,0.06168821854210641,medium
0,1,2,0,1,-0.43815430442840414,0.17830791658348977,-0.026080090290398622,-0.09530882604510434,medium
0,2,5,1,1,0.72189632497183,1.5180671607812994,1.3333702854768483,1.1911112570766593,high
0,0,5,1,0,1.2678025035131166,1.4475535163498359,1.6052603606302978,1.4402054601644168,high
0,3,1,0,1,0.7901345972894909,1.4475535163498359,1.6732328794186602,1.303640331019329,high
1,4,4,0,0,-1.1887752999226733,-1.2319649720457837,-1.1816129096925585,-1.200784393887005,low
0,1,2,0,1,0.312466691065865,1.2360125830554447,0.9255351727466743,0.824671482289328,high
0,2,5,0,1,-1.2570135722403342,-0.8088831054570016,-1.1136403909041963,-1.0598456895338442,low
1,2,2,1,1,-0.3016777597930825,-0.1742603055738286,-0.7058052781740222,-0.39391444784697777,medium
0,2,0,0,0,-0.7111073936990474,-0.10374666114236492,0.10986494728632608,-0.23499636918502873,medium
0,2,5,1,1,-0.09696294284009999,-0.03323301671090125,0.5177000600165002,0.12916803348849962,medium
0,3,5,0,0,0.17599014643054334,1.1654989386239811,0.8575626539583119,0.7330172463376122,high
1,1,5,1,1,0.1077518741128825,-1.0909376831828563,-1.045667872115834,-0.6762845603952693,low
0,0,4,0,1,-0.3699160321107433,-0.6678558165940742,-0.7737777969623845,-0.6038498818890673,low
0,2,1,0,0,0.5171815080188475,1.1654989386239811,1.4013428042652107,1.0280077503026799,high
1,0,1,1,1,-0.16520121515776082,-0.6678558165940742,-0.7058052781740222,-0.5129541033086191,low
0,1,2,1,0,0.72189632497183,0.8834443608981265,1.4013428042652107,1.0022278300450556,high
1,1,4,1,1,-0.5746308490637257,-1.372992260908711,-1.5894480224227328,-1.1790237107983899,low
0,2,2,1,0,-0.43815430442840414,-0.3858012388682196,0.3817550224397755,-0.1474001736189494,medium
1,4,2,1,1,0.44894323570118666,-0.3858012388682196,-0.7737777969623845,-0.23687860004313913,medium
0,0,2,1,0,0.5854197803365083,0.8834443608981265,0.7216176163815873,0.7301605858720741,high
1,1,0,0,0,-0.5746308490637257,-0.8793967498884653,-1.045667872115834,-0.8332318236893416,low
0,2,0,1,1,-0.028724670522439148,0.5308761387408081,0.31378250365141314,0.2719779906232607,medium
0,3,2,0,1,-1.8711580230992815,-1.2319649720457837,-1.5214755036343703,-1.5415328329264784,low
1,2,5,1,1,-0.16520121515776082,-0.8088831054570016,-1.1816129096925585,-0.7185657434357736,low
0,1,2,0,0,-2.9629703801818548,-1.796074127497493,-2.201200691517994,-2.3200817330657806,low
1,1,4,0,0,0.5171815080188475,0.5308761387408081,0.5177000600165002,0.521919235592052,high
0,3,5,0,0,-1.8029197507816208,-0.3152875944367559,-0.297970165443848,-0.8053925035540749,low
1,4,3,1,1,1.6089938651014208,1.0949852941925176,1.061480210323399,1.255153123205779,high
1,2,3,1,0,1.6772321374190817,1.0949852941925176,1.1294527291117613,1.3005567202411201,high
1,3,2,1,1,-0.16520121515776082,-1.0909376831828563,-1.249585428480921,-0.835241442273846,low
0,2,2,1,1,-0.506392576746065,0.17830791658348977,-0.026080090290398622,-0.11805491681765794,medium
1,3,0,1,1,0.9266111419248125,0.38984884987788077,0.04189242849796373,0.45278414010021906,medium
1,2,3,1,1,0.312466691065865,-0.1742603055738286,-0.09405260907876098,0.014717925471091806,medium
0,0,2,1,1,-0.3699160321107433,-0.10374666114236492,-0.3659426842322104,-0.2798684591617729,medium
0,4,4,1,1,1.4042790481484384,1.0949852941925176,1.6732328794186602,1.3908324072532052,high
1,4,5,1,1,1.0630876865601342,-0.1742603055738286,-0.501887721808935,0.12897988639245686,medium
1,2,5,1,1,-0.3016777597930825,-0.3858012388682196,-0.9097228345391092,-0.5324006110668038,low
0,1,1,1,1,2.086661771325047,1.9411490273700815,1.8771504357837472,1.9683204114929584,high
1,1,4,0,1,0.5854197803365083,-0.10374666114236492,-0.22999764665548567,0.08389182417955258,medium
0,2,1,1,1,-0.09696294284009999,0.6719034276037354,0.8575626539583119,0.4775010462406491,medium
1,1,2,1,0,-0.9840604829696907,-1.4435059053401746,-1.5214755036343703,-1.3163472973147452,low
1,2,0,0,1,1.4042790481484384,0.24882156101495342,0.24580998486305078,0.6329701980088142,high
0,2,0,1,1,-0.91582221065203,-0.526828527731147,-1.045667872115834,-0.8294395368330036,low
0,4,3,0,1,0.9948494142424733,1.1654989386239811,1.2653977666884861,1.14191537318498,high
1,3,1,0,0,-1.8711580230992815,-1.9371014163604203,-2.065255653941269,-1.9578383644669906,low
0,2,4,1,0,0.312466691065865,0.1077942721520261,0.7895901351699496,0.4032836994626135,medium
1,2,0,1,1,2.086661771325047,1.6590944496442268,1.5372878418419353,1.7610146876037363,high
1,3,4,1,0,1.0630876865601342,0.8834443608981265,1.3333702854768483,1.0933007776450363,high
1,2,2,0,1,-0.506392576746065,-1.16145132761432,-1.1136403909041963,-0.9271614317548603,low
1,1,0,1,1,-0.3699160321107433,-1.9371014163604203,-1.8613380975761822,-1.3894518486824488,low
1,4,0,0,0,0.7901345972894909,0.3193352054464171,0.24580998486305078,0.45175992919965297,medium
1,2,0,0,1,-1.1887752999226733,-1.3024786164772473,-1.1816129096925585,-1.2242889420308265,low
1,1,2,1,1,-0.506392576746065,-0.8088831054570016,-1.453502984846008,-0.9229262223496916,low
0,2,4,1,0,0.24422841874820417,0.17830791658348977,0.5177000600165002,0.31341213178273136,medium
1,1,0,1,0,1.0630876865601342,1.0244716497610538,0.6536450975932249,0.9137348113048042,high
1,4,0,0,1,1.6089938651014208,1.4475535163498359,0.9255351727466743,1.3273608513993103,high
0,2,1,0,1,-1.5982049338286382,-0.526828527731147,-0.501887721808935,-0.8756403944562402,low
1,2,4,0,1,0.9266111419248125,-0.3858012388682196,-0.16202512786712334,0.1262615917298232,medium
1,3,4,1,1,0.9948494142424733,0.8834443608981265,1.061480210323399,0.979924661821333,high
1,2,5,1,1,-0.6428691213813866,-0.5973421721626107,-0.9776953533274715,-0.7393022156238228,low
0,3,5,1,1,-0.506392576746065,0.17830791658348977,0.7895901351699496,0.15383515833579145,medium
0,3,0,1,1,-0.16520121515776082,0.46036249430934445,0.3817550224397755,0.2256387671971197,medium
1,2,1,1,0,-0.23343948747542165,-0.3858012388682196,-0.16202512786712334,-0.2604219514035882,medium
0,4,1,1,0,0.312466691065865,0.03728062772056242,0.10986494728632608,0.1532040886909178,medium
0,1,2,0,1,-0.16520121515776082,0.24882156101495342,0.17783746607468842,0.08715260397729367,medium
1,3,1,0,1,-0.7793456660167083,-1.6550468386345656,-1.657420541211095,-1.3639376819541231,low
0,4,0,1,1,-1.0522987552873515,-1.3024786164772473,-0.9776953533274715,-1.1108242416973568,low
0,2,0,1,0,-0.3016777597930825,0.46036249430934445,0.7895901351699496,0.3160916232287372,medium
0,4,0,1,0,1.8137086820544033,2.1526899606644725,1.8091779169953848,1.9251921865714203,high
1,2,2,0,1,-0.8475839383343691,0.17830791658348977,-0.6378327593856598,-0.435702927045513,medium
0,3,4,0,1,0.17599014643054334,-0.3152875944367559,0.3817550224397755,0.08081919147785431,medium
1,3,2,0,1,-1.5299666615109775,-1.3024786164772473,-1.3855304660576457,-1.4059919146819568,low
0,4,4,1,0,1.3360407758307775,1.0949852941925176,1.5372878418419353,1.3227713039550768,high
0,4,0,1,1,1.2678025035131166,1.5885808052127632,1.1294527291117613,1.328612012612547,high
0,0,3,0,1,-1.1205370276050124,-0.1742603055738286,0.31378250365141314,-0.32700494317580925,medium
1,3,5,1,0,1.472517320466099,0.3193352054464171,0.44972754122813785,0.7471933557135513,high
0,4,0,1,1,-0.506392576746065,-0.526828527731147,0.04189242849796373,-0.33044289199308274,medium
0,4,5,0,1,-2.3488259293229072,-2.5012105718121296,-2.065255653941269,-2.3050973850254355,low
1,1,2,0,1,-2.075872840052264,-2.853778793969448,-2.812953360613255,-2.580868331544989,low
0,1,5,0,0,-0.23343948747542165,0.6013897831722718,0.7216176163815873,0.3631893040261458,medium
1,3,0,1,0,0.03951360179522168,-1.0909376831828563,-0.3659426842322104,-0.47245558853994835,medium
0,3,5,1,0,-0.09696294284009999,0.6013897831722718,0.9255351727466743,0.4766540043596154,medium
1,3,3,1,1,1.2678025035131166,1.0244716497610538,1.4013428042652107,1.231205652513127,high
0,2,3,1,1,0.44894323570118666,0.6013897831722718,0.3817550224397755,0.47736268043774466,medium
0,0,2,0,0,-2.212349384687586,-1.5140195497716382,-1.8613380975761822,-1.8625690106784687,low
0,3,1,0,0,1.8137086820544033,2.1526899606644725,2.1490405109371964,2.0384797178853575,high
0,3,5,0,1,0.03951360179522168,1.0244716497610538,1.061480210323399,0.7084884872932248,high
1,3,4,1,1,1.472517320466099,0.5308761387408081,0.5856725788048626,0.8630220126705899,high
1,1,2,1,1,-0.6428691213813866,-1.5140195497716382,-1.1816129096925585,-1.1128338602818613,low
0,3,4,1,0,0.8583728696071516,1.0244716497610538,1.5372878418419353,1.1400441204033802,high
0,2,1,0,1,0.03951360179522168,0.38984884987788077,0.24580998486305078,0.2250574788453844,medium
1,4,1,1,0,0.24422841874820417,-0.3858012388682196,0.10986494728632608,-0.010569290944563117,medium
1,3,1,0,1,-1.1205370276050124,-1.9371014163604203,-1.3855304660576457,-1.481056303341026,low
0,0,4,1,1,0.17599014643054334,1.0244716497610538,0.9255351727466743,0.7086656563127572,high
0,2,1,1,0,-0.9840604829696907,-0.5973421721626107,-0.16202512786712334,-0.5811425943331416,low
0,2,1,0,0,-1.3252518445579948,-0.526828527731147,-0.16202512786712334,-0.6713685000520884,low
0,1,0,0,1,-1.3934901168756557,-0.5973421721626107,-0.9097228345391092,-0.9668517078591252,low
0,4,4,1,1,0.1077518741128825,0.03728062772056242,-0.16202512786712334,-0.005664208677892801,medium
1,4,1,1,0,2.291376588278029,2.1526899606644725,2.1490405109371964,2.1977023532932325,high
0,2,2,1,1,-1.5299666615109775,-0.5973421721626107,-1.1136403909041963,-1.080316408192595,low
0,2,0,1,0,-0.6428691213813866,0.5308761387408081,0.7895901351699496,0.22586571750979034,medium
1,1,4,1,0,1.6772321374190817,1.8706353829386178,1.5372878418419353,1.695051787399878,high
1,3,2,0,1,0.17599014643054334,0.03728062772056242,-0.09405260907876098,0.03973938835744826,medium
0,2,2,0,1,-2.144111112369925,-1.16145132761432,-1.5214755036343703,-1.6090126478728717,low
1,3,2,1,1,0.38070496338352583,-0.24477395000529226,-0.16202512786712334,-0.008698038162963254,medium
0,1,0,0,1,-0.8475839383343691,-0.3152875944367559,-0.22999764665548567,-0.46428972647553685,medium
1,3,2,0,1,0.5171815080188475,0.03728062772056242,0.04189242849796373,0.19878485474579122,medium
1,4,5,1,0,0.5171815080188475,-0.3858012388682196,-0.5698602405972975,-0.14615999048222317,medium
1,4,0,0,1,-0.16520121515776082,-0.949910394319929,-1.1136403909041963,-0.7429173334606287,low
0,3,2,0,0,-0.09696294284009999,-0.5973421721626107,0.17783746607468842,-0.1721558829760074,medium
1,4,0,0,0,-1.3934901168756557,-1.8665877719289568,-1.657420541211095,-1.6391661433385691,low
0,2,5,0,1,-1.2570135722403342,-0.949910394319929,-1.1816129096925585,-1.129512292084274,low
1,2,4,0,0,0.03951360179522168,0.3193352054464171,0.10986494728632608,0.15623791817598828,medium
1,3,4,0,1,-0.3016777597930825,-0.8793967498884653,-0.43391520302057274,-0.5383299042340401,low
1,3,0,0,0,-0.3699160321107433,0.1077942721520261,0.31378250365141314,0.017220247897565304,medium
1,2,1,0,0,0.24422841874820417,0.38984884987788077,0.3817550224397755,0.33861076368862014,medium
1,2,0,1,0,2.1549000436427073,1.2360125830554447,1.4693153230535732,1.6200759832505751,high
1,3,4,0,1,0.24422841874820417,-0.4563148832996833,-0.7058052781740222,-0.3059639142418338,medium
1,0,0,1,1,0.03951360179522168,-0.8793967498884653,-1.045667872115834,-0.6285170067363591,low
0,4,2,0,1,-0.6428691213813866,-0.8088831054570016,-0.7737777969623845,-0.7418433412669243,low
1,3,4,1,0,1.2678025035131166,0.8129307164666628,1.1294527291117613,1.0700619830305136,high
1,3,5,1,0,0.72189632497183,-0.10374666114236492,0.04189242849796373,0.22001403077580958,medium
1,2,3,0,0,0.38070496338352583,-0.24477395000529226,0.24580998486305078,0.12724699941376147,medium
0,3,3,1,1,0.7901345972894909,1.5180671607812994,1.8771504357837472,1.3951173979515126,high
1,2,2,1,1,0.9948494142424733,-0.24477395000529226,-0.297970165443848,0.15070176626444434,medium
1,0,5,0,0,-0.3699160321107433,-0.526828527731147,-0.501887721808935,-0.46621076055027516,medium
0,1,2,1,1,-0.5746308490637257,-0.10374666114236492,-0.501887721808935,-0.39342174400500857,medium
0,2,0,1,1,-0.8475839383343691,-0.5973421721626107,-0.7058052781740222,-0.716910462890334,low
1,1,2,1,1,1.0630876865601342,0.8834443608981265,0.7895901351699496,0.9120407275427368,high
0,3,4,0,1,-1.1887752999226733,-0.8088831054570016,-0.5698602405972975,-0.8558395486589907,low
1,1,5,0,0,-1.1887752999226733,-1.372992260908711,-1.1136403909041963,-1.2251359839118603,low
0,4,2,0,0,-0.6428691213813866,0.38984884987788077,0.31378250365141314,0.020254077382635755,medium
1,4,2,1,1,1.8819469543720642,0.24882156101495342,0.17783746607468842,0.769535327153902,high
0,3,4,1,0,0.5854197803365083,0.5308761387408081,0.9935076915350366,0.7032678702041176,high
0,4,5,0,1,0.5171815080188475,0.3193352054464171,0.24580998486305078,0.3607755661094385,medium
1,2,2,1,0,-0.5746308490637257,-1.2319649720457837,-0.9776953533274715,-0.9280970581456603,low
0,2,4,1,1,-0.3016777597930825,-0.03323301671090125,0.04189242849796373,-0.09767278266867334,medium
1,4,0,1,1,0.38070496338352583,-0.8793967498884653,-0.43391520302057274,-0.3108689965085041,medium
1,2,4,1,1,1.1995642311954557,1.2360125830554447,0.8575626539583119,1.0977131560697375,high
0,3,3,1,1,1.7454704097367424,2.1526899606644725,2.1490405109371964,2.015733627112804,high
0,3,2,1,1,-1.4617283891933166,-0.4563148832996833,-0.6378327593856598,-0.8519586772928865,low
1,2,2,1,1,0.5854197803365083,0.8129307164666628,0.17783746607468842,0.5253959876259532,high
0,0,4,1,1,-0.7111073936990474,-0.8088831054570016,-0.297970165443848,-0.6059868881999656,low
0,3,5,0,1,-1.2570135722403342,-1.0909376831828563,-1.045667872115834,-1.1312063758463413,low
0,4,0,1,1,2.291376588278029,2.1526899606644725,2.1490405109371964,2.1977023532932325,high
0,2,5,0,0,-0.09696294284009999,0.46036249430934445,0.44972754122813785,0.2710423642324608,medium
1,3,4,1,1,0.38070496338352583,-0.8793967498884653,-0.7058052781740222,-0.4014990215596539,medium
0,3,4,1,1,-0.3016777597930825,0.03728062772056242,0.24580998486305078,-0.006195715736489767,medium
1,0,5,1,0,-0.028724670522439148,-0.10374666114236492,-0.297970165443848,-0.14348049903621737,medium
1,2,4,1,1,-0.23343948747542165,-0.4563148832996833,-0.5698602405972975,-0.41987153712413416,medium
0,4,0,1,1,0.1077518741128825,0.46036249430934445,-0.09405260907876098,0.158020586447822,medium
0,1,1,1,1,0.5854197803365083,1.0244716497610538,0.7895901351699496,0.7998271884225039,high
0,3,1,1,1,1.54075559278376,2.1526899606644725,2.1490405109371964,1.9474953547951432,high
1,2,5,1,0,0.7901345972894909,0.17830791658348977,0.04189242849796373,0.33677831412364817,medium
0,0,2,0,0,-0.91582221065203,-1.372992260908711,-0.5698602405972975,-0.9528915707193462,low
0,3,4,0,1,-1.1887752999226733,-0.3152875944367559,-0.501887721808935,-0.6686502053894547,low
0,0,4,1,1,-0.8475839383343691,-0.4563148832996833,-0.09405260907876098,-0.46598381023760443,medium
0,2,4,1,0,-0.16520121515776082,0.8834443608981265,0.5856725788048626,0.4346385748484094,medium
1,1,4,0,0,-0.43815430442840414,-0.526828527731147,-0.5698602405972975,-0.5116143575856161,low
1,2,0,1,1,-0.3016777597930825,-0.3152875944367559,-0.7058052781740222,-0.4409235441346202,medium
1,3,2,1,0,-0.7793456660167083,-2.007615060791884,-1.3855304660576457,-1.3908303976220793,low
0,2,0,1,1,1.6772321374190817,1.8001217385071542,1.7412053982070226,1.7395197580444195,high
1,3,5,1,1,0.9948494142424733,0.6013897831722718,0.6536450975932249,0.7499614316693233,high
1,1,5,1,0,0.8583728696071516,1.0949852941925176,1.1974252479001237,1.0502611372332644,high
0,0,4,1,0,0.7901345972894909,1.2360125830554447,1.5372878418419353,1.1878116740622902,high
0,2,5,1,1,0.5171815080188475,0.38984884987788077,0.9255351727466743,0.6108551768811342,high
1,0,2,1,1,-0.6428691213813866,-1.3024786164772473,-0.9776953533274715,-0.9743476970620352,low
0,2,0,1,1,-1.8029197507816208,-0.7383694610255379,-1.1816129096925585,-1.2409673738332392,low
1,4,5,1,0,0.9948494142424733,0.38984884987788077,0.5177000600165002,0.6341327747122847,high
0,0,5,0,1,-1.5299666615109775,-1.7255604830660294,-1.5894480224227328,-1.6149917223332466,low
0,3,4,0,0,0.03951360179522168,1.1654989386239811,0.9935076915350366,0.7328400773180799,high
1,4,2,0,0,1.3360407758307775,0.8129307164666628,0.44972754122813785,0.8662330111751929,high
0,1,5,1,0,-0.09696294284009999,0.8834443608981265,0.6536450975932249,0.4800421718837504,medium
0,3,0,0,1,-0.7793456660167083,0.46036249430934445,0.5177000600165002,0.0662389627697121,medium
0,3,1,0,1,-0.3016777597930825,0.17830791658348977,0.3817550224397755,0.0861283930767276,medium
1,0,2,1,1,-0.23343948747542165,-0.4563148832996833,-0.43391520302057274,-0.3745565245985592,medium
0,4,3,1,0,1.472517320466099,2.0821763162330087,1.8091779169953848,1.7879571845648308,high
1,2,2,0,1,-0.3016777597930825,-1.0204240387513925,-0.9097228345391092,-0.7439415443611948,low
0,2,2,0,0,-0.506392576746065,0.1077942721520261,-0.22999764665548567,-0.2095319837498415,medium
0,3,4,1,0,0.1077518741128825,0.6013897831722718,0.5856725788048626,0.431604745363339,medium
0,3,4,0,1,0.72189632497183,1.1654989386239811,1.1974252479001237,1.0282735038319784,high
